Watching for file changes with StatReloader
Watching for file changes with StatReloader
Watching for file changes with StatReloader
Watching for file changes with StatReloader
Watching for file changes with StatReloader
Watching for file changes with StatReloader
C:\Users\augus_oah15bh\Computador\saudebras\saudebras\settings.py changed, reloading.
C:\Users\augus_oah15bh\Computador\saudebras\saudebras\settings.py changed, reloading.
Watching for file changes with StatReloader
Watching for file changes with StatReloader
C:\Users\augus_oah15bh\Computador\saudebras\saudebras\settings.py changed, reloading.
C:\Users\augus_oah15bh\Computador\saudebras\saudebras\settings.py changed, reloading.
Watching for file changes with StatReloader
Watching for file changes with StatReloader
Watching for file changes with StatReloader
Watching for file changes with StatReloader
Watching for file changes with StatReloader
Watching for file changes with StatReloader
"GET / HTTP/1.1" 200 44040
"GET / HTTP/1.1" 200 44040
"GET /static/css/home.css HTTP/1.1" 200 35578
"GET /static/css/home.css HTTP/1.1" 200 35578
"GET /static/img/menu-button-of-three-horizontal-lines.png HTTP/1.1" 200 16349
"GET /static/js/base.js HTTP/1.1" 200 1575
"GET /static/img/estetoscopio-instrumento-medico-1.svg HTTP/1.1" 200 1752
"GET /static/img/menu-button-of-three-horizontal-lines.png HTTP/1.1" 200 16349
"GET /static/js/base.js HTTP/1.1" 200 1575
"GET /static/img/log-in.png HTTP/1.1" 200 16604
"GET /static/img/estetoscopio-instrumento-medico-1.svg HTTP/1.1" 200 1752
"GET /static/img/log-in.png HTTP/1.1" 200 16604
"GET /static/img/saudebras-logo.png HTTP/1.1" 200 75470
"GET /static/img/saudebras-logo.png HTTP/1.1" 200 75470
"GET /static/img/cuidado-dental.svg HTTP/1.1" 200 2025
"GET /static/img/cuidado-dental.svg HTTP/1.1" 200 2025
"GET /static/img/ambulancia.svg HTTP/1.1" 200 1570
"GET /static/img/ambulancia.svg HTTP/1.1" 200 1570
"GET /static/img/diagnostico.svg HTTP/1.1" 200 1896
"GET /static/img/diagnostico.svg HTTP/1.1" 200 1896
Not Found: /assets/image/freedom (2).png
Not Found: /assets/image/stethoscope.png
Not Found: /assets/image/agreement (1).png
Not Found: /assets/image/freedom (2).png
Not Found: /assets/image/money-flow (1).png
Not Found: /assets/image/stethoscope.png
Not Found: /assets/image/agreement (1).png
"GET /assets/image/freedom%20(2).png HTTP/1.1" 404 179
Not Found: /assets/image/money-flow (1).png
"GET /assets/image/stethoscope.png HTTP/1.1" 404 179
"GET /assets/image/agreement%20(1).png HTTP/1.1" 404 179
"GET /assets/image/freedom%20(2).png HTTP/1.1" 404 179
"GET /assets/image/stethoscope.png HTTP/1.1" 404 179
"GET /assets/image/money-flow%20(1).png HTTP/1.1" 404 179
"GET /assets/image/agreement%20(1).png HTTP/1.1" 404 179
"GET /assets/image/money-flow%20(1).png HTTP/1.1" 404 179
"GET /static/img/saudebrasBranco.png HTTP/1.1" 200 24129
"GET /static/img/saudebrasBranco.png HTTP/1.1" 200 24129
"GET /static/img/medicos%20ia.png HTTP/1.1" 200 1899831
"GET /static/img/medicos%20ia.png HTTP/1.1" 200 1899831
"GET /media/images/unknown.png HTTP/1.1" 200 6375
"GET /media/images/unknown.png HTTP/1.1" 200 6375
"GET /static/fonts/ARIAL.woff HTTP/1.1" 200 525872
"GET /static/fonts/ARIAL.woff HTTP/1.1" 200 525872
"GET /static/fonts/HUMNST777_CN_BT_BOLD.TTF HTTP/1.1" 200 40296
"GET /static/fonts/HUMNST777_CN_BT_BOLD.TTF HTTP/1.1" 200 40296
"GET /static/fonts/DaxBold.ttf HTTP/1.1" 200 53012
"GET /static/fonts/DaxBold.ttf HTTP/1.1" 200 53012
"GET /static/fonts/DaxlinePro-Regular_13131.ttf HTTP/1.1" 200 199688
"GET /static/fonts/DaxlinePro-Regular_13131.ttf HTTP/1.1" 200 199688
"GET /static/fonts/DaxlinePro-Bold_13127.ttf HTTP/1.1" 200 201116
"GET /static/fonts/DaxlinePro-Bold_13127.ttf HTTP/1.1" 200 201116
Not Found: /favicon.ico
Not Found: /favicon.ico
"GET /favicon.ico HTTP/1.1" 404 179
"GET /favicon.ico HTTP/1.1" 404 179
"GET /sobre/ HTTP/1.1" 200 33755
"GET /sobre/ HTTP/1.1" 200 33755
Not Found: /s2
Not Found: /s2
"GET /s2 HTTP/1.1" 404 179
"GET /s2 HTTP/1.1" 404 179
"GET /vantagens/ HTTP/1.1" 200 34047
"GET /vantagens/ HTTP/1.1" 200 34047
"GET /contato/ HTTP/1.1" 200 52987
"GET /contato/ HTTP/1.1" 200 52987
"GET /registrarProfissional/ HTTP/1.1" 200 167320
"GET /registrarProfissional/ HTTP/1.1" 200 167320
"GET /static/js/form.js HTTP/1.1" 200 4434
"GET /static/js/form.js HTTP/1.1" 200 4434
"GET /registrarClinica/ HTTP/1.1" 200 169680
"GET /registrarClinica/ HTTP/1.1" 200 169680
"GET /contato/ HTTP/1.1" 200 52987
"GET /contato/ HTTP/1.1" 200 52987
"GET /sobre/ HTTP/1.1" 200 33755
"GET /sobre/ HTTP/1.1" 200 33755
"GET / HTTP/1.1" 200 44056
"GET / HTTP/1.1" 200 44056
Not Found: /assets/image/stethoscope.png
Not Found: /assets/image/freedom (2).png
Not Found: /assets/image/agreement (1).png
Not Found: /assets/image/money-flow (1).png
Not Found: /assets/image/stethoscope.png
Not Found: /assets/image/freedom (2).png
Not Found: /assets/image/agreement (1).png
Not Found: /assets/image/money-flow (1).png
"GET /assets/image/stethoscope.png HTTP/1.1" 404 179
"GET /assets/image/stethoscope.png HTTP/1.1" 404 179
"GET /assets/image/agreement%20(1).png HTTP/1.1" 404 179
"GET /assets/image/freedom%20(2).png HTTP/1.1" 404 179
"GET /assets/image/money-flow%20(1).png HTTP/1.1" 404 179
"GET /assets/image/agreement%20(1).png HTTP/1.1" 404 179
"GET /assets/image/freedom%20(2).png HTTP/1.1" 404 179
"GET /assets/image/money-flow%20(1).png HTTP/1.1" 404 179
"GET /login/ HTTP/1.1" 200 32335
"GET /login/ HTTP/1.1" 200 32335
"GET /login/ HTTP/1.1" 200 32335
"GET /login/ HTTP/1.1" 200 32335
"GET /admin HTTP/1.1" 301 0
"GET /admin HTTP/1.1" 301 0
"GET /admin/ HTTP/1.1" 302 0
"GET /admin/ HTTP/1.1" 302 0
"GET /admin/login/?next=/admin/ HTTP/1.1" 200 3068
"GET /admin/login/?next=/admin/ HTTP/1.1" 200 3068
Not Found: /static/jazzmin/css/main.css
Not Found: /static/jazzmin/css/main.css
Not Found: /static/vendor/adminlte/css/adminlte.min.css
Not Found: /static/vendor/fontawesome-free/css/all.min.css
Not Found: /static/vendor/adminlte/js/adminlte.min.js
Not Found: /static/vendor/adminlte/css/adminlte.min.css
Not Found: /static/vendor/fontawesome-free/css/all.min.css
"GET /static/jazzmin/css/main.css HTTP/1.1" 404 179
Not Found: /static/vendor/adminlte/js/adminlte.min.js
"GET /static/vendor/fontawesome-free/css/all.min.css HTTP/1.1" 404 179
"GET /static/vendor/adminlte/css/adminlte.min.css HTTP/1.1" 404 179
"GET /static/jazzmin/css/main.css HTTP/1.1" 404 179
"GET /static/vendor/fontawesome-free/css/all.min.css HTTP/1.1" 404 179
"GET /static/vendor/adminlte/js/adminlte.min.js HTTP/1.1" 404 179
"GET /static/vendor/adminlte/css/adminlte.min.css HTTP/1.1" 404 179
"GET /static/vendor/adminlte/js/adminlte.min.js HTTP/1.1" 404 179
Not Found: /static/True
Not Found: /static/True
"GET /static/True HTTP/1.1" 404 179
"GET /static/True HTTP/1.1" 404 179
"GET /static/vendor/bootstrap/js/bootstrap.min.js HTTP/1.1" 200 60583
"GET /static/vendor/bootstrap/js/bootstrap.min.js HTTP/1.1" 200 60583
"GET /static/admin/js/vendor/jquery/jquery.js HTTP/1.1" 200 285314
"GET /static/admin/js/vendor/jquery/jquery.js HTTP/1.1" 200 285314
Not Found: /static/True
Not Found: /static/True
"GET /static/True HTTP/1.1" 404 179
"GET /static/True HTTP/1.1" 404 179
"POST /admin/login/?next=/admin/ HTTP/1.1" 302 0
"POST /admin/login/?next=/admin/ HTTP/1.1" 302 0
"GET /admin/ HTTP/1.1" 200 20485
"GET /admin/ HTTP/1.1" 200 20485
"GET /static/admin/css/dark_mode.css HTTP/1.1" 200 2808
"GET /static/admin/css/base.css HTTP/1.1" 200 22120
"GET /static/admin/css/dark_mode.css HTTP/1.1" 200 2808
"GET /static/admin/css/base.css HTTP/1.1" 200 22120
"GET /static/admin/js/theme.js HTTP/1.1" 200 1653
"GET /static/admin/js/theme.js HTTP/1.1" 200 1653
"GET /static/admin/css/nav_sidebar.css HTTP/1.1" 200 2810
"GET /static/admin/css/dashboard.css HTTP/1.1" 200 441
"GET /static/admin/css/nav_sidebar.css HTTP/1.1" 200 2810
"GET /static/admin/css/dashboard.css HTTP/1.1" 200 441
"GET /static/admin/css/responsive.css HTTP/1.1" 200 16565
"GET /static/admin/css/responsive.css HTTP/1.1" 200 16565
"GET /static/admin/js/nav_sidebar.js HTTP/1.1" 200 3063
"GET /static/admin/js/nav_sidebar.js HTTP/1.1" 200 3063
"GET /static/admin/img/icon-addlink.svg HTTP/1.1" 200 331
"GET /static/admin/img/icon-changelink.svg HTTP/1.1" 200 380
"GET /static/admin/img/icon-addlink.svg HTTP/1.1" 200 331
"GET /static/admin/img/icon-deletelink.svg HTTP/1.1" 200 392
"GET /static/admin/img/icon-changelink.svg HTTP/1.1" 200 380
"GET /static/admin/img/icon-deletelink.svg HTTP/1.1" 200 392
"GET /admin/usuarios/banner/ HTTP/1.1" 200 15327
"GET /admin/usuarios/banner/ HTTP/1.1" 200 15327
"GET /static/admin/css/changelists.css HTTP/1.1" 200 6878
"GET /static/admin/css/changelists.css HTTP/1.1" 200 6878
"GET /static/admin/js/core.js HTTP/1.1" 200 6208
"GET /static/admin/js/jquery.init.js HTTP/1.1" 200 347
"GET /static/admin/js/core.js HTTP/1.1" 200 6208
"GET /static/admin/js/actions.js HTTP/1.1" 200 8076
"GET /static/admin/js/jquery.init.js HTTP/1.1" 200 347
"GET /static/admin/js/actions.js HTTP/1.1" 200 8076
"GET /static/admin/js/admin/RelatedObjectLookups.js HTTP/1.1" 200 9777
"GET /static/admin/js/admin/RelatedObjectLookups.js HTTP/1.1" 200 9777
"GET /static/admin/js/prepopulate.js HTTP/1.1" 200 1531
"GET /static/admin/js/prepopulate.js HTTP/1.1" 200 1531
"GET /static/admin/js/urlify.js HTTP/1.1" 200 7887
"GET /static/admin/js/urlify.js HTTP/1.1" 200 7887
"GET /static/admin/js/vendor/jquery/jquery.min.js HTTP/1.1" 200 87533
"GET /static/admin/js/vendor/jquery/jquery.min.js HTTP/1.1" 200 87533
"GET /static/admin/js/vendor/xregexp/xregexp.min.js HTTP/1.1" 200 163184
"GET /static/admin/js/vendor/xregexp/xregexp.min.js HTTP/1.1" 200 163184
"GET /static/admin/js/filters.js HTTP/1.1" 200 978
"GET /static/admin/js/filters.js HTTP/1.1" 200 978
"GET /admin/jsi18n/ HTTP/1.1" 200 8158
"GET /admin/jsi18n/ HTTP/1.1" 200 8158
"GET /static/admin/img/tooltag-add.svg HTTP/1.1" 200 331
"GET /static/admin/img/tooltag-add.svg HTTP/1.1" 200 331
"GET /admin/usuarios/depoimento/ HTTP/1.1" 200 15355
"GET /admin/usuarios/depoimento/ HTTP/1.1" 200 15355
"GET /admin/jsi18n/ HTTP/1.1" 200 8158
"GET /admin/jsi18n/ HTTP/1.1" 200 8158
"GET /admin/usuarios/idioma/ HTTP/1.1" 200 17214
"GET /admin/usuarios/idioma/ HTTP/1.1" 200 17214
"GET /admin/jsi18n/ HTTP/1.1" 200 8158
"GET /admin/jsi18n/ HTTP/1.1" 200 8158
"GET /admin/usuarios/idioma/3/change/ HTTP/1.1" 200 16345
"GET /admin/usuarios/idioma/3/change/ HTTP/1.1" 200 16345
"GET /static/admin/css/forms.css HTTP/1.1" 200 8525
"GET /static/admin/css/forms.css HTTP/1.1" 200 8525
"GET /static/admin/js/prepopulate_init.js HTTP/1.1" 200 586
"GET /static/admin/js/prepopulate_init.js HTTP/1.1" 200 586
"GET /static/admin/css/widgets.css HTTP/1.1" 200 11991
"GET /static/admin/css/widgets.css HTTP/1.1" 200 11991
"GET /static/admin/js/change_form.js HTTP/1.1" 200 606
"GET /static/admin/js/change_form.js HTTP/1.1" 200 606
"GET /admin/jsi18n/ HTTP/1.1" 200 8158
"GET /admin/jsi18n/ HTTP/1.1" 200 8158
"GET /admin/usuarios/idioma/ HTTP/1.1" 200 17214
"GET /admin/usuarios/idioma/ HTTP/1.1" 200 17214
"GET /admin/usuarios/depoimento/ HTTP/1.1" 200 15355
"GET /admin/usuarios/depoimento/ HTTP/1.1" 200 15355
"GET /admin/usuarios/banner/ HTTP/1.1" 200 15327
"GET /admin/usuarios/banner/ HTTP/1.1" 200 15327
"GET / HTTP/1.1" 200 42159
"GET / HTTP/1.1" 200 42159
"GET /static/img/menu-button-of-three-horizontal-lines.png HTTP/1.1" 304 0
"GET /static/img/estetoscopio-instrumento-medico-1.svg HTTP/1.1" 304 0
"GET /static/img/saudebras-logo.png HTTP/1.1" 304 0
"GET /static/img/menu-button-of-three-horizontal-lines.png HTTP/1.1" 304 0
"GET /static/img/cuidado-dental.svg HTTP/1.1" 304 0
"GET /static/img/estetoscopio-instrumento-medico-1.svg HTTP/1.1" 304 0
"GET /static/img/diagnostico.svg HTTP/1.1" 304 0
"GET /static/css/home.css HTTP/1.1" 304 0
"GET /static/img/saudebras-logo.png HTTP/1.1" 304 0
"GET /static/img/cuidado-dental.svg HTTP/1.1" 304 0
"GET /static/img/diagnostico.svg HTTP/1.1" 304 0
"GET /static/css/home.css HTTP/1.1" 304 0
"GET /static/img/ambulancia.svg HTTP/1.1" 304 0
"GET /static/js/base.js HTTP/1.1" 304 0
"GET /static/img/medicos%20ia.png HTTP/1.1" 304 0
"GET /static/img/ambulancia.svg HTTP/1.1" 304 0
"GET /static/js/base.js HTTP/1.1" 304 0
"GET /static/img/medicos%20ia.png HTTP/1.1" 304 0
"GET /static/img/saudebrasBranco.png HTTP/1.1" 304 0
"GET /static/img/saudebrasBranco.png HTTP/1.1" 304 0
"GET /static/fonts/ARIAL.woff HTTP/1.1" 304 0
"GET /static/fonts/ARIAL.woff HTTP/1.1" 304 0
Not Found: /assets/image/agreement (1).png
Not Found: /assets/image/agreement (1).png
"GET /assets/image/agreement%20(1).png HTTP/1.1" 404 179
"GET /assets/image/agreement%20(1).png HTTP/1.1" 404 179
Not Found: /assets/image/money-flow (1).png
Not Found: /assets/image/money-flow (1).png
"GET /assets/image/money-flow%20(1).png HTTP/1.1" 404 179
"GET /assets/image/money-flow%20(1).png HTTP/1.1" 404 179
Not Found: /assets/image/stethoscope.png
Not Found: /assets/image/stethoscope.png
"GET /assets/image/stethoscope.png HTTP/1.1" 404 179
"GET /assets/image/stethoscope.png HTTP/1.1" 404 179
Not Found: /assets/image/freedom (2).png
Not Found: /assets/image/freedom (2).png
"GET /assets/image/freedom%20(2).png HTTP/1.1" 404 179
"GET /assets/image/freedom%20(2).png HTTP/1.1" 404 179
"GET /media/images/242eb692-aab3-4406-8800-d757aa47f9d0.jpg HTTP/1.1" 200 100267
"GET /media/images/242eb692-aab3-4406-8800-d757aa47f9d0.jpg HTTP/1.1" 200 100267
"GET /sobre/ HTTP/1.1" 200 31810
"GET /sobre/ HTTP/1.1" 200 31810
"GET /static/fonts/DaxlinePro-Regular_13131.ttf HTTP/1.1" 304 0
"GET /static/fonts/DaxBold.ttf HTTP/1.1" 304 0
"GET /static/fonts/DaxlinePro-Regular_13131.ttf HTTP/1.1" 304 0
"GET /static/fonts/DaxBold.ttf HTTP/1.1" 304 0
Method Not Allowed (GET): /sair/
Method Not Allowed (GET): /sair/
"GET /sair/ HTTP/1.1" 405 0
"GET /sair/ HTTP/1.1" 405 0
Method Not Allowed (GET): /sair/
Method Not Allowed (GET): /sair/
"GET /sair/ HTTP/1.1" 405 0
"GET /sair/ HTTP/1.1" 405 0
Method Not Allowed (GET): /sair/
Method Not Allowed (GET): /sair/
"GET /sair/ HTTP/1.1" 405 0
"GET /sair/ HTTP/1.1" 405 0
"GET / HTTP/1.1" 200 42161
"GET / HTTP/1.1" 200 42161
"GET /static/fonts/DaxlinePro-Bold_13127.ttf HTTP/1.1" 304 0
"GET /static/fonts/DaxlinePro-Bold_13127.ttf HTTP/1.1" 304 0
"GET /static/fonts/HUMNST777_CN_BT_BOLD.TTF HTTP/1.1" 304 0
"GET /static/fonts/HUMNST777_CN_BT_BOLD.TTF HTTP/1.1" 304 0
Not Found: /assets/image/stethoscope.png
Not Found: /assets/image/stethoscope.png
"GET /assets/image/stethoscope.png HTTP/1.1" 404 179
"GET /assets/image/stethoscope.png HTTP/1.1" 404 179
Not Found: /assets/image/money-flow (1).png
Not Found: /assets/image/money-flow (1).png
Not Found: /assets/image/agreement (1).png
Not Found: /assets/image/agreement (1).png
"GET /assets/image/money-flow%20(1).png HTTP/1.1" 404 179
"GET /assets/image/agreement%20(1).png HTTP/1.1" 404 179
"GET /assets/image/money-flow%20(1).png HTTP/1.1" 404 179
"GET /assets/image/agreement%20(1).png HTTP/1.1" 404 179
"GET /media/images/unknown.png HTTP/1.1" 200 6375
"GET /media/images/unknown.png HTTP/1.1" 200 6375
Not Found: /assets/image/freedom (2).png
Not Found: /assets/image/freedom (2).png
"GET /assets/image/freedom%20(2).png HTTP/1.1" 404 179
"GET /assets/image/freedom%20(2).png HTTP/1.1" 404 179
Method Not Allowed (GET): /sair/
Method Not Allowed (GET): /sair/
"GET /sair/ HTTP/1.1" 405 0
"GET /sair/ HTTP/1.1" 405 0
"GET /vantagens/ HTTP/1.1" 200 32102
"GET /vantagens/ HTTP/1.1" 200 32102
"GET /contato/ HTTP/1.1" 200 51042
"GET /contato/ HTTP/1.1" 200 51042
"GET /sobre/ HTTP/1.1" 200 31810
"GET /sobre/ HTTP/1.1" 200 31810
"GET / HTTP/1.1" 200 42140
"GET / HTTP/1.1" 200 42140
Not Found: /assets/image/freedom (2).png
Not Found: /assets/image/freedom (2).png
"GET /assets/image/freedom%20(2).png HTTP/1.1" 404 179
"GET /assets/image/freedom%20(2).png HTTP/1.1" 404 179
Not Found: /assets/image/agreement (1).png
Not Found: /assets/image/agreement (1).png
"GET /assets/image/agreement%20(1).png HTTP/1.1" 404 179
"GET /assets/image/agreement%20(1).png HTTP/1.1" 404 179
Not Found: /assets/image/money-flow (1).png
Not Found: /assets/image/money-flow (1).png
Not Found: /assets/image/stethoscope.png
"GET /assets/image/money-flow%20(1).png HTTP/1.1" 404 179
Not Found: /assets/image/stethoscope.png
"GET /assets/image/money-flow%20(1).png HTTP/1.1" 404 179
"GET /assets/image/stethoscope.png HTTP/1.1" 404 179
"GET /assets/image/stethoscope.png HTTP/1.1" 404 179
Not Found: /.well-known/appspecific/com.chrome.devtools.json
Not Found: /.well-known/appspecific/com.chrome.devtools.json
"GET /.well-known/appspecific/com.chrome.devtools.json HTTP/1.1" 404 179
"GET /.well-known/appspecific/com.chrome.devtools.json HTTP/1.1" 404 179
"GET / HTTP/1.1" 200 42176
"GET / HTTP/1.1" 200 42176
Not Found: /assets/image/freedom (2).png
Not Found: /assets/image/freedom (2).png
"GET /assets/image/freedom%20(2).png HTTP/1.1" 404 179
"GET /assets/image/freedom%20(2).png HTTP/1.1" 404 179
Not Found: /assets/image/agreement (1).png
Not Found: /assets/image/money-flow (1).png
Not Found: /assets/image/stethoscope.png
Not Found: /assets/image/agreement (1).png
Not Found: /assets/image/money-flow (1).png
Not Found: /assets/image/stethoscope.png
"GET /assets/image/agreement%20(1).png HTTP/1.1" 404 179
"GET /assets/image/money-flow%20(1).png HTTP/1.1" 404 179
"GET /assets/image/agreement%20(1).png HTTP/1.1" 404 179
"GET /assets/image/money-flow%20(1).png HTTP/1.1" 404 179
"GET /assets/image/stethoscope.png HTTP/1.1" 404 179
"GET /assets/image/stethoscope.png HTTP/1.1" 404 179
Not Found: /.well-known/appspecific/com.chrome.devtools.json
Not Found: /.well-known/appspecific/com.chrome.devtools.json
"GET /.well-known/appspecific/com.chrome.devtools.json HTTP/1.1" 404 179
"GET /.well-known/appspecific/com.chrome.devtools.json HTTP/1.1" 404 179
"GET /media/images/487120051_627720486703809_4763095675077596185_n_2.jpg HTTP/1.1" 200 130689
"GET /media/images/487120051_627720486703809_4763095675077596185_n_2.jpg HTTP/1.1" 200 130689
Watching for file changes with StatReloader
Watching for file changes with StatReloader
"GET / HTTP/1.1" 200 42118
"GET / HTTP/1.1" 200 42118
"GET /static/css/home.css HTTP/1.1" 304 0
"GET /static/css/home.css HTTP/1.1" 304 0
"GET /static/img/saudebras-logo.png HTTP/1.1" 304 0
"GET /static/img/diagnostico.svg HTTP/1.1" 304 0
"GET /static/img/menu-button-of-three-horizontal-lines.png HTTP/1.1" 304 0
"GET /static/img/estetoscopio-instrumento-medico-1.svg HTTP/1.1" 304 0
"GET /static/img/saudebras-logo.png HTTP/1.1" 304 0
"GET /static/img/cuidado-dental.svg HTTP/1.1" 304 0
"GET /static/img/diagnostico.svg HTTP/1.1" 304 0
"GET /static/img/menu-button-of-three-horizontal-lines.png HTTP/1.1" 304 0
"GET /static/img/estetoscopio-instrumento-medico-1.svg HTTP/1.1" 304 0
"GET /static/img/cuidado-dental.svg HTTP/1.1" 304 0
"GET /static/js/base.js HTTP/1.1" 304 0
"GET /static/js/base.js HTTP/1.1" 304 0
"GET /static/img/ambulancia.svg HTTP/1.1" 304 0
"GET /static/img/ambulancia.svg HTTP/1.1" 304 0
"GET /static/img/medicos%20ia.png HTTP/1.1" 304 0
"GET /static/img/medicos%20ia.png HTTP/1.1" 304 0
"GET /static/img/saudebrasBranco.png HTTP/1.1" 304 0
"GET /static/img/saudebrasBranco.png HTTP/1.1" 304 0
Not Found: /assets/image/agreement (1).png
Not Found: /assets/image/agreement (1).png
Not Found: /assets/image/stethoscope.png
"GET /assets/image/agreement%20(1).png HTTP/1.1" 404 179
Not Found: /assets/image/money-flow (1).png
Not Found: /assets/image/stethoscope.png
"GET /assets/image/agreement%20(1).png HTTP/1.1" 404 179
Not Found: /assets/image/money-flow (1).png
"GET /assets/image/stethoscope.png HTTP/1.1" 404 179
"GET /assets/image/stethoscope.png HTTP/1.1" 404 179
"GET /assets/image/money-flow%20(1).png HTTP/1.1" 404 179
"GET /assets/image/money-flow%20(1).png HTTP/1.1" 404 179
Not Found: /assets/image/freedom (2).png
Not Found: /assets/image/freedom (2).png
"GET /assets/image/freedom%20(2).png HTTP/1.1" 404 179
"GET /assets/image/freedom%20(2).png HTTP/1.1" 404 179
Not Found: /.well-known/appspecific/com.chrome.devtools.json
Not Found: /.well-known/appspecific/com.chrome.devtools.json
"GET /.well-known/appspecific/com.chrome.devtools.json HTTP/1.1" 404 179
"GET /.well-known/appspecific/com.chrome.devtools.json HTTP/1.1" 404 179
"GET /static/fonts/DaxBold.ttf HTTP/1.1" 304 0
"GET /static/fonts/DaxlinePro-Regular_13131.ttf HTTP/1.1" 304 0
"GET /static/fonts/DaxlinePro-Bold_13127.ttf HTTP/1.1" 304 0
"GET /static/fonts/HUMNST777_CN_BT_BOLD.TTF HTTP/1.1" 304 0
"GET /static/fonts/DaxBold.ttf HTTP/1.1" 304 0
"GET /static/fonts/DaxlinePro-Regular_13131.ttf HTTP/1.1" 304 0
"GET /static/fonts/ARIAL.woff HTTP/1.1" 304 0
"GET /static/fonts/DaxlinePro-Bold_13127.ttf HTTP/1.1" 304 0
"GET /static/fonts/HUMNST777_CN_BT_BOLD.TTF HTTP/1.1" 304 0
"GET /static/fonts/ARIAL.woff HTTP/1.1" 304 0
Watching for file changes with StatReloader
Watching for file changes with StatReloader
"GET / HTTP/1.1" 200 44076
"GET / HTTP/1.1" 200 44076
Not Found: /assets/image/stethoscope.png
Not Found: /assets/image/freedom (2).png
Not Found: /assets/image/money-flow (1).png
Not Found: /assets/image/agreement (1).png
Not Found: /assets/image/stethoscope.png
Not Found: /assets/image/freedom (2).png
Not Found: /assets/image/money-flow (1).png
Not Found: /assets/image/agreement (1).png
"GET /assets/image/stethoscope.png HTTP/1.1" 404 179
"GET /assets/image/freedom%20(2).png HTTP/1.1" 404 179
"GET /assets/image/money-flow%20(1).png HTTP/1.1" 404 179
"GET /assets/image/agreement%20(1).png HTTP/1.1" 404 179
"GET /assets/image/stethoscope.png HTTP/1.1" 404 179
"GET /assets/image/freedom%20(2).png HTTP/1.1" 404 179
"GET /assets/image/money-flow%20(1).png HTTP/1.1" 404 179
"GET /assets/image/agreement%20(1).png HTTP/1.1" 404 179
"GET /media/images/unknown.png HTTP/1.1" 200 6375
"GET /media/images/unknown.png HTTP/1.1" 200 6375
Not Found: /favicon.ico
Not Found: /favicon.ico
"GET /favicon.ico HTTP/1.1" 404 179
"GET /favicon.ico HTTP/1.1" 404 179
Not Found: /.well-known/appspecific/com.chrome.devtools.json
Not Found: /.well-known/appspecific/com.chrome.devtools.json
"GET /.well-known/appspecific/com.chrome.devtools.json HTTP/1.1" 404 179
"GET /.well-known/appspecific/com.chrome.devtools.json HTTP/1.1" 404 179
Watching for file changes with StatReloader
Watching for file changes with StatReloader
"GET / HTTP/1.1" 200 44110
"GET / HTTP/1.1" 200 44110
"GET /static/img/menu-button-of-three-horizontal-lines.png HTTP/1.1" 200 16349
"GET /static/img/menu-button-of-three-horizontal-lines.png HTTP/1.1" 200 16349
"GET /static/css/home.css HTTP/1.1" 200 35578
"GET /static/css/home.css HTTP/1.1" 200 35578
"GET /static/img/saudebras-logo.png HTTP/1.1" 200 75470
"GET /static/img/saudebras-logo.png HTTP/1.1" 200 75470
"GET /static/img/diagnostico.svg HTTP/1.1" 200 1896
"GET /static/img/ambulancia.svg HTTP/1.1" 200 1570
"GET /static/img/diagnostico.svg HTTP/1.1" 200 1896
"GET /static/img/ambulancia.svg HTTP/1.1" 200 1570
"GET /static/img/cuidado-dental.svg HTTP/1.1" 200 2025
"GET /static/img/cuidado-dental.svg HTTP/1.1" 200 2025
Not Found: /assets/image/freedom (2).png
Not Found: /assets/image/stethoscope.png
Not Found: /assets/image/freedom (2).png
Not Found: /assets/image/stethoscope.png
"GET /assets/image/freedom%20(2).png HTTP/1.1" 404 19293
"GET /assets/image/freedom%20(2).png HTTP/1.1" 404 19293
"GET /assets/image/stethoscope.png HTTP/1.1" 404 19291
"GET /assets/image/stethoscope.png HTTP/1.1" 404 19291
Not Found: /assets/image/agreement (1).png
Not Found: /assets/image/agreement (1).png
Not Found: /assets/image/money-flow (1).png
"GET /assets/image/agreement%20(1).png HTTP/1.1" 404 19299
Not Found: /assets/image/money-flow (1).png
"GET /assets/image/agreement%20(1).png HTTP/1.1" 404 19299
"GET /assets/image/money-flow%20(1).png HTTP/1.1" 404 19302
"GET /assets/image/money-flow%20(1).png HTTP/1.1" 404 19302
"GET /static/js/base.js HTTP/1.1" 200 1575
"GET /static/img/estetoscopio-instrumento-medico-1.svg HTTP/1.1" 200 1752
"GET /static/js/base.js HTTP/1.1" 200 1575
"GET /static/img/estetoscopio-instrumento-medico-1.svg HTTP/1.1" 200 1752
"GET /static/img/log-in.png HTTP/1.1" 200 16604
"GET /static/img/log-in.png HTTP/1.1" 200 16604
"GET /static/img/medicos%20ia.png HTTP/1.1" 200 1899831
"GET /static/img/medicos%20ia.png HTTP/1.1" 200 1899831
"GET /media/images/unknown.png HTTP/1.1" 200 6375
"GET /media/images/unknown.png HTTP/1.1" 200 6375
"GET /static/img/saudebrasBranco.png HTTP/1.1" 200 24129
"GET /static/img/saudebrasBranco.png HTTP/1.1" 200 24129
"GET /media/images/487120051_627720486703809_4763095675077596185_n_2.jpg HTTP/1.1" 200 130689
"GET /media/images/487120051_627720486703809_4763095675077596185_n_2.jpg HTTP/1.1" 200 130689
"GET /static/fonts/DaxBold.ttf HTTP/1.1" 200 53012
"GET /static/fonts/DaxBold.ttf HTTP/1.1" 200 53012
"GET /static/fonts/DaxlinePro-Regular_13131.ttf HTTP/1.1" 200 199688
"GET /static/fonts/DaxlinePro-Regular_13131.ttf HTTP/1.1" 200 199688
"GET /static/fonts/DaxlinePro-Bold_13127.ttf HTTP/1.1" 200 201116
"GET /static/fonts/DaxlinePro-Bold_13127.ttf HTTP/1.1" 200 201116
"GET /static/fonts/HUMNST777_CN_BT_BOLD.TTF HTTP/1.1" 200 40296
"GET /static/fonts/HUMNST777_CN_BT_BOLD.TTF HTTP/1.1" 200 40296
"GET /static/fonts/ARIAL.woff HTTP/1.1" 200 525872
"GET /static/fonts/ARIAL.woff HTTP/1.1" 200 525872
Not Found: /favicon.ico
Not Found: /favicon.ico
"GET /favicon.ico HTTP/1.1" 404 19240
"GET /favicon.ico HTTP/1.1" 404 19240
Not Found: /.well-known/appspecific/com.chrome.devtools.json
Not Found: /.well-known/appspecific/com.chrome.devtools.json
"GET /.well-known/appspecific/com.chrome.devtools.json HTTP/1.1" 404 19351
"GET /.well-known/appspecific/com.chrome.devtools.json HTTP/1.1" 404 19351
Watching for file changes with StatReloader
Watching for file changes with StatReloader
"GET / HTTP/1.1" 200 44092
"GET / HTTP/1.1" 200 44092
Not Found: /.well-known/appspecific/com.chrome.devtools.json
Not Found: /.well-known/appspecific/com.chrome.devtools.json
"GET /.well-known/appspecific/com.chrome.devtools.json HTTP/1.1" 404 19351
"GET /.well-known/appspecific/com.chrome.devtools.json HTTP/1.1" 404 19351
"GET /static/img/menu-button-of-three-horizontal-lines.png HTTP/1.1" 200 16349
"GET /static/img/menu-button-of-three-horizontal-lines.png HTTP/1.1" 200 16349
"GET /static/img/saudebras-logo.png HTTP/1.1" 200 75470
"GET /static/img/saudebras-logo.png HTTP/1.1" 200 75470
"GET /static/css/home.css HTTP/1.1" 200 35578
"GET /static/css/home.css HTTP/1.1" 200 35578
"GET /static/img/log-in.png HTTP/1.1" 200 16604
"GET /static/img/log-in.png HTTP/1.1" 200 16604
"GET /static/img/estetoscopio-instrumento-medico-1.svg HTTP/1.1" 200 1752
"GET /static/img/estetoscopio-instrumento-medico-1.svg HTTP/1.1" 200 1752
"GET /static/img/cuidado-dental.svg HTTP/1.1" 200 2025
"GET /static/img/diagnostico.svg HTTP/1.1" 200 1896
"GET /static/img/cuidado-dental.svg HTTP/1.1" 200 2025
"GET /static/img/diagnostico.svg HTTP/1.1" 200 1896
"GET /static/js/base.js HTTP/1.1" 200 1575
"GET /static/js/base.js HTTP/1.1" 200 1575
"GET /static/img/ambulancia.svg HTTP/1.1" 200 1570
"GET /static/img/ambulancia.svg HTTP/1.1" 200 1570
Not Found: /assets/image/stethoscope.png
Not Found: /assets/image/agreement (1).png
Not Found: /assets/image/stethoscope.png
Not Found: /assets/image/money-flow (1).png
Not Found: /assets/image/agreement (1).png
"GET /assets/image/stethoscope.png HTTP/1.1" 404 19291
Not Found: /assets/image/money-flow (1).png
Not Found: /assets/image/freedom (2).png
"GET /assets/image/agreement%20(1).png HTTP/1.1" 404 19299
"GET /assets/image/stethoscope.png HTTP/1.1" 404 19291
"GET /media/images/unknown.png HTTP/1.1" 200 6375
"GET /assets/image/money-flow%20(1).png HTTP/1.1" 404 19302
Not Found: /assets/image/freedom (2).png
"GET /assets/image/agreement%20(1).png HTTP/1.1" 404 19299
"GET /media/images/unknown.png HTTP/1.1" 200 6375
"GET /assets/image/money-flow%20(1).png HTTP/1.1" 404 19302
"GET /assets/image/freedom%20(2).png HTTP/1.1" 404 19293
"GET /assets/image/freedom%20(2).png HTTP/1.1" 404 19293
"GET /static/img/saudebrasBranco.png HTTP/1.1" 200 24129
"GET /static/img/saudebrasBranco.png HTTP/1.1" 200 24129
"GET /media/images/242eb692-aab3-4406-8800-d757aa47f9d0.jpg HTTP/1.1" 200 100267
"GET /media/images/242eb692-aab3-4406-8800-d757aa47f9d0.jpg HTTP/1.1" 200 100267
"GET /static/img/medicos%20ia.png HTTP/1.1" 200 1899831
"GET /static/img/medicos%20ia.png HTTP/1.1" 200 1899831
"GET /static/fonts/DaxBold.ttf HTTP/1.1" 200 53012
"GET /static/fonts/DaxBold.ttf HTTP/1.1" 200 53012
"GET /static/fonts/HUMNST777_CN_BT_BOLD.TTF HTTP/1.1" 200 40296
"GET /static/fonts/HUMNST777_CN_BT_BOLD.TTF HTTP/1.1" 200 40296
"GET /static/fonts/DaxlinePro-Bold_13127.ttf HTTP/1.1" 200 201116
"GET /static/fonts/DaxlinePro-Bold_13127.ttf HTTP/1.1" 200 201116
"GET /static/fonts/DaxlinePro-Regular_13131.ttf HTTP/1.1" 200 199688
"GET /static/fonts/DaxlinePro-Regular_13131.ttf HTTP/1.1" 200 199688
"GET /static/fonts/ARIAL.woff HTTP/1.1" 200 525872
"GET /static/fonts/ARIAL.woff HTTP/1.1" 200 525872
Not Found: /favicon.ico
Not Found: /favicon.ico
"GET /favicon.ico HTTP/1.1" 404 19240
"GET /favicon.ico HTTP/1.1" 404 19240
Watching for file changes with StatReloader
Watching for file changes with StatReloader
"GET / HTTP/1.1" 200 44063
"GET / HTTP/1.1" 200 44063
Not Found: /.well-known/appspecific/com.chrome.devtools.json
Not Found: /.well-known/appspecific/com.chrome.devtools.json
"GET /.well-known/appspecific/com.chrome.devtools.json HTTP/1.1" 404 19351
"GET /.well-known/appspecific/com.chrome.devtools.json HTTP/1.1" 404 19351
Not Found: /assets/image/freedom (2).png
Not Found: /assets/image/stethoscope.png
Not Found: /assets/image/agreement (1).png
Not Found: /assets/image/freedom (2).png
Not Found: /assets/image/stethoscope.png
Not Found: /assets/image/agreement (1).png
Not Found: /assets/image/money-flow (1).png
"GET /assets/image/freedom%20(2).png HTTP/1.1" 404 19293
Not Found: /assets/image/money-flow (1).png
"GET /assets/image/stethoscope.png HTTP/1.1" 404 19291
"GET /assets/image/freedom%20(2).png HTTP/1.1" 404 19293
"GET /assets/image/agreement%20(1).png HTTP/1.1" 404 19299
"GET /assets/image/stethoscope.png HTTP/1.1" 404 19291
"GET /assets/image/agreement%20(1).png HTTP/1.1" 404 19299
"GET /assets/image/money-flow%20(1).png HTTP/1.1" 404 19302
"GET /assets/image/money-flow%20(1).png HTTP/1.1" 404 19302
"GET / HTTP/1.1" 200 44152
"GET / HTTP/1.1" 200 44152
Not Found: /.well-known/appspecific/com.chrome.devtools.json
Not Found: /.well-known/appspecific/com.chrome.devtools.json
Not Found: /assets/image/stethoscope.png
Not Found: /assets/image/freedom (2).png
Not Found: /assets/image/stethoscope.png
"GET /.well-known/appspecific/com.chrome.devtools.json HTTP/1.1" 404 19351
Not Found: /assets/image/freedom (2).png
"GET /.well-known/appspecific/com.chrome.devtools.json HTTP/1.1" 404 19351
"GET /assets/image/stethoscope.png HTTP/1.1" 404 19291
"GET /assets/image/freedom%20(2).png HTTP/1.1" 404 19293
"GET /assets/image/stethoscope.png HTTP/1.1" 404 19291
"GET /assets/image/freedom%20(2).png HTTP/1.1" 404 19293
Not Found: /assets/image/agreement (1).png
Not Found: /assets/image/agreement (1).png
Not Found: /assets/image/money-flow (1).png
Not Found: /assets/image/money-flow (1).png
"GET /assets/image/agreement%20(1).png HTTP/1.1" 404 19299
"GET /assets/image/agreement%20(1).png HTTP/1.1" 404 19299
"GET /assets/image/money-flow%20(1).png HTTP/1.1" 404 19302
"GET /assets/image/money-flow%20(1).png HTTP/1.1" 404 19302
"GET /media/images/487120051_627720486703809_4763095675077596185_n_2.jpg HTTP/1.1" 200 130689
"GET /media/images/487120051_627720486703809_4763095675077596185_n_2.jpg HTTP/1.1" 200 130689
"GET / HTTP/1.1" 200 44095
"GET / HTTP/1.1" 200 44095
Not Found: /.well-known/appspecific/com.chrome.devtools.json
Not Found: /.well-known/appspecific/com.chrome.devtools.json
"GET /.well-known/appspecific/com.chrome.devtools.json HTTP/1.1" 404 19351
"GET /.well-known/appspecific/com.chrome.devtools.json HTTP/1.1" 404 19351
"GET /static/img/menu-button-of-three-horizontal-lines.png HTTP/1.1" 200 16349
"GET /static/img/log-in.png HTTP/1.1" 200 16604
"GET /static/img/menu-button-of-three-horizontal-lines.png HTTP/1.1" 200 16349
"GET /static/img/log-in.png HTTP/1.1" 200 16604
"GET /static/img/saudebras-logo.png HTTP/1.1" 200 75470
"GET /static/img/saudebras-logo.png HTTP/1.1" 200 75470
"GET /static/js/base.js HTTP/1.1" 200 1575
"GET /static/img/estetoscopio-instrumento-medico-1.svg HTTP/1.1" 200 1752
"GET /static/js/base.js HTTP/1.1" 200 1575
"GET /static/img/estetoscopio-instrumento-medico-1.svg HTTP/1.1" 200 1752
"GET /static/css/home.css HTTP/1.1" 200 35414
"GET /static/css/home.css HTTP/1.1" 200 35414
"GET /static/img/diagnostico.svg HTTP/1.1" 200 1896
"GET /static/img/cuidado-dental.svg HTTP/1.1" 200 2025
"GET /static/img/ambulancia.svg HTTP/1.1" 200 1570
"GET /static/img/diagnostico.svg HTTP/1.1" 200 1896
Not Found: /assets/image/stethoscope.png
Not Found: /assets/image/freedom (2).png
"GET /static/img/cuidado-dental.svg HTTP/1.1" 200 2025
"GET /static/img/ambulancia.svg HTTP/1.1" 200 1570
Not Found: /assets/image/stethoscope.png
Not Found: /assets/image/freedom (2).png
"GET /assets/image/freedom%20(2).png HTTP/1.1" 404 19293
"GET /assets/image/stethoscope.png HTTP/1.1" 404 19291
"GET /assets/image/freedom%20(2).png HTTP/1.1" 404 19293
"GET /assets/image/stethoscope.png HTTP/1.1" 404 19291
"GET /static/img/medicos%20ia.png HTTP/1.1" 200 1899831
"GET /static/img/medicos%20ia.png HTTP/1.1" 200 1899831
Not Found: /assets/image/agreement (1).png
Not Found: /assets/image/agreement (1).png
Not Found: /assets/image/money-flow (1).png
Not Found: /assets/image/money-flow (1).png
"GET /assets/image/agreement%20(1).png HTTP/1.1" 404 19299
"GET /assets/image/agreement%20(1).png HTTP/1.1" 404 19299
"GET /assets/image/money-flow%20(1).png HTTP/1.1" 404 19302
"GET /media/images/unknown.png HTTP/1.1" 200 6375
"GET /assets/image/money-flow%20(1).png HTTP/1.1" 404 19302
"GET /static/img/saudebrasBranco.png HTTP/1.1" 200 24129
"GET /media/images/487120051_627720486703809_4763095675077596185_n_2.jpg HTTP/1.1" 200 130689
"GET /media/images/unknown.png HTTP/1.1" 200 6375
"GET /static/img/saudebrasBranco.png HTTP/1.1" 200 24129
"GET /media/images/487120051_627720486703809_4763095675077596185_n_2.jpg HTTP/1.1" 200 130689
"GET /static/fonts/DaxBold.ttf HTTP/1.1" 200 53012
"GET /static/fonts/HUMNST777_CN_BT_BOLD.TTF HTTP/1.1" 200 40296
"GET /static/fonts/DaxBold.ttf HTTP/1.1" 200 53012
"GET /static/fonts/HUMNST777_CN_BT_BOLD.TTF HTTP/1.1" 200 40296
"GET /static/fonts/DaxlinePro-Bold_13127.ttf HTTP/1.1" 200 201116
"GET /static/fonts/DaxlinePro-Bold_13127.ttf HTTP/1.1" 200 201116
"GET /static/fonts/DaxlinePro-Regular_13131.ttf HTTP/1.1" 200 199688
"GET /static/fonts/DaxlinePro-Regular_13131.ttf HTTP/1.1" 200 199688
"GET /static/fonts/ARIAL.woff HTTP/1.1" 200 525872
"GET /static/fonts/ARIAL.woff HTTP/1.1" 200 525872
Not Found: /favicon.ico
Not Found: /favicon.ico
"GET /favicon.ico HTTP/1.1" 404 19240
"GET /favicon.ico HTTP/1.1" 404 19240
"GET /pesquisar/M%C3%A9dico/ HTTP/1.1" 200 29372
"GET /pesquisar/M%C3%A9dico/ HTTP/1.1" 200 29372
Not Found: /.well-known/appspecific/com.chrome.devtools.json
Not Found: /.well-known/appspecific/com.chrome.devtools.json
"GET /.well-known/appspecific/com.chrome.devtools.json HTTP/1.1" 404 19351
"GET /.well-known/appspecific/com.chrome.devtools.json HTTP/1.1" 404 19351
"GET /static/css/home.css HTTP/1.1" 304 0
"GET /static/css/home.css HTTP/1.1" 304 0
"GET /static/img/stethoscope-medical-tool.png HTTP/1.1" 200 20568
"GET /static/img/stethoscope-medical-tool.png HTTP/1.1" 200 20568
"GET /static/js/pesquisarJS/pesquisarMedicos.js HTTP/1.1" 200 7236
"GET /static/js/pesquisarJS/pesquisarMedicos.js HTTP/1.1" 200 7236
"GET /buscar_especialidades/?tipo_profissional=M%C3%A9dico HTTP/1.1" 200 73
"GET /buscar_especialidades/?tipo_profissional=M%C3%A9dico HTTP/1.1" 200 73
"GET /buscar_estados/?tipo_profissional=M%C3%A9dico&especialidade=Alergista HTTP/1.1" 200 25
"GET /buscar_estados/?tipo_profissional=M%C3%A9dico&especialidade=Alergista HTTP/1.1" 200 25
"GET /get_cities/?estado=MG&tipo_profissional=M%C3%A9dico&especialidade=Alergista HTTP/1.1" 200 23
"GET /get_cities/?estado=MG&tipo_profissional=M%C3%A9dico&especialidade=Alergista HTTP/1.1" 200 23
"GET /profissionais?tipo_profissional=M%C3%A9dico&estado=MG&especialidade=Alergista&cidade=Nanuque HTTP/1.1" 301 0
"GET /profissionais?tipo_profissional=M%C3%A9dico&estado=MG&especialidade=Alergista&cidade=Nanuque HTTP/1.1" 301 0
"GET /profissionais/?tipo_profissional=M%C3%A9dico&estado=MG&especialidade=Alergista&cidade=Nanuque HTTP/1.1" 200 42473
"GET /profissionais/?tipo_profissional=M%C3%A9dico&estado=MG&especialidade=Alergista&cidade=Nanuque HTTP/1.1" 200 42473
Not Found: /.well-known/appspecific/com.chrome.devtools.json
Not Found: /.well-known/appspecific/com.chrome.devtools.json
"GET /.well-known/appspecific/com.chrome.devtools.json HTTP/1.1" 404 19351
"GET /.well-known/appspecific/com.chrome.devtools.json HTTP/1.1" 404 19351
"GET /static/css/home.css HTTP/1.1" 304 0
"GET /static/css/home.css HTTP/1.1" 304 0
"GET /static/js/filtrarProfissionais.js HTTP/1.1" 200 3312
"GET /static/js/filtrarProfissionais.js HTTP/1.1" 200 3312
"GET /buscar_convenios_por_tipo_profissional/?tipo_profissional=M%C3%A9dico&estado=MG&especialidade=Alergista&cidade=Nanuque HTTP/1.1" 200 48
"GET /buscar_convenios_por_tipo_profissional/?tipo_profissional=M%C3%A9dico&estado=MG&especialidade=Alergista&cidade=Nanuque HTTP/1.1" 200 48
"GET /profissionais/?tipo_profissional=M%C3%A9dico&estado=MG&especialidade=Alergista&cidade=Nanuque&convenios=Bradesco+Sa%C3%BAde HTTP/1.1" 200 42473
"GET /profissionais/?tipo_profissional=M%C3%A9dico&estado=MG&especialidade=Alergista&cidade=Nanuque&convenios=Bradesco+Sa%C3%BAde HTTP/1.1" 200 42473
Not Found: /.well-known/appspecific/com.chrome.devtools.json
Not Found: /.well-known/appspecific/com.chrome.devtools.json
"GET /.well-known/appspecific/com.chrome.devtools.json HTTP/1.1" 404 19351
"GET /.well-known/appspecific/com.chrome.devtools.json HTTP/1.1" 404 19351
"GET /static/css/home.css HTTP/1.1" 304 0
"GET /static/css/home.css HTTP/1.1" 304 0
"GET /buscar_convenios_por_tipo_profissional/?tipo_profissional=M%C3%A9dico&estado=MG&especialidade=Alergista&cidade=Nanuque HTTP/1.1" 200 48
"GET /buscar_convenios_por_tipo_profissional/?tipo_profissional=M%C3%A9dico&estado=MG&especialidade=Alergista&cidade=Nanuque HTTP/1.1" 200 48
"GET / HTTP/1.1" 200 44098
"GET / HTTP/1.1" 200 44098
Not Found: /.well-known/appspecific/com.chrome.devtools.json
Not Found: /.well-known/appspecific/com.chrome.devtools.json
"GET /.well-known/appspecific/com.chrome.devtools.json HTTP/1.1" 404 19351
"GET /.well-known/appspecific/com.chrome.devtools.json HTTP/1.1" 404 19351
Not Found: /assets/image/stethoscope.png
Not Found: /assets/image/freedom (2).png
Not Found: /assets/image/stethoscope.png
Not Found: /assets/image/agreement (1).png
Not Found: /assets/image/money-flow (1).png
Not Found: /assets/image/freedom (2).png
Not Found: /assets/image/agreement (1).png
Not Found: /assets/image/money-flow (1).png
"GET /assets/image/stethoscope.png HTTP/1.1" 404 19291
"GET /assets/image/agreement%20(1).png HTTP/1.1" 404 19299
"GET /assets/image/stethoscope.png HTTP/1.1" 404 19291
"GET /assets/image/freedom%20(2).png HTTP/1.1" 404 19293
"GET /assets/image/money-flow%20(1).png HTTP/1.1" 404 19302
"GET /assets/image/agreement%20(1).png HTTP/1.1" 404 19299
"GET /assets/image/freedom%20(2).png HTTP/1.1" 404 19293
"GET /assets/image/money-flow%20(1).png HTTP/1.1" 404 19302
"GET / HTTP/1.1" 200 44047
"GET / HTTP/1.1" 200 44047
Not Found: /.well-known/appspecific/com.chrome.devtools.json
Not Found: /.well-known/appspecific/com.chrome.devtools.json
"GET /.well-known/appspecific/com.chrome.devtools.json HTTP/1.1" 404 19351
"GET /.well-known/appspecific/com.chrome.devtools.json HTTP/1.1" 404 19351
Not Found: /assets/image/stethoscope.png
"GET /static/css/home.css HTTP/1.1" 304 0
Not Found: /assets/image/stethoscope.png
"GET /static/css/home.css HTTP/1.1" 304 0
"GET /assets/image/stethoscope.png HTTP/1.1" 404 19291
"GET /assets/image/stethoscope.png HTTP/1.1" 404 19291
Not Found: /assets/image/freedom (2).png
Not Found: /assets/image/agreement (1).png
Not Found: /assets/image/money-flow (1).png
Not Found: /assets/image/freedom (2).png
Not Found: /assets/image/agreement (1).png
Not Found: /assets/image/money-flow (1).png
"GET /assets/image/agreement%20(1).png HTTP/1.1" 404 19299
"GET /assets/image/money-flow%20(1).png HTTP/1.1" 404 19302
"GET /assets/image/freedom%20(2).png HTTP/1.1" 404 19293
"GET /assets/image/agreement%20(1).png HTTP/1.1" 404 19299
"GET /assets/image/money-flow%20(1).png HTTP/1.1" 404 19302
"GET /assets/image/freedom%20(2).png HTTP/1.1" 404 19293
"GET / HTTP/1.1" 200 44064
"GET / HTTP/1.1" 200 44064
Not Found: /.well-known/appspecific/com.chrome.devtools.json
Not Found: /.well-known/appspecific/com.chrome.devtools.json
"GET /.well-known/appspecific/com.chrome.devtools.json HTTP/1.1" 404 19351
"GET /.well-known/appspecific/com.chrome.devtools.json HTTP/1.1" 404 19351
Not Found: /assets/image/stethoscope.png
Not Found: /assets/image/stethoscope.png
Not Found: /assets/image/freedom (2).png
Not Found: /assets/image/freedom (2).png
"GET /assets/image/stethoscope.png HTTP/1.1" 404 19291
"GET /assets/image/freedom%20(2).png HTTP/1.1" 404 19293
"GET /assets/image/stethoscope.png HTTP/1.1" 404 19291
Not Found: /assets/image/agreement (1).png
"GET /assets/image/freedom%20(2).png HTTP/1.1" 404 19293
Not Found: /assets/image/agreement (1).png
Not Found: /assets/image/money-flow (1).png
"GET /assets/image/agreement%20(1).png HTTP/1.1" 404 19299
Not Found: /assets/image/money-flow (1).png
"GET /assets/image/money-flow%20(1).png HTTP/1.1" 404 19302
"GET /assets/image/agreement%20(1).png HTTP/1.1" 404 19299
"GET /assets/image/money-flow%20(1).png HTTP/1.1" 404 19302
"GET /login/ HTTP/1.1" 200 32335
"GET /login/ HTTP/1.1" 200 32335
"GET /static/css/home.css HTTP/1.1" 304 0
"GET /static/css/home.css HTTP/1.1" 304 0
"GET /password_reset/ HTTP/1.1" 200 3122
"GET /password_reset/ HTTP/1.1" 200 3122
"GET /static/vendor/fontawesome-free/css/all.min.css HTTP/1.1" 404 2044
"GET /static/vendor/fontawesome-free/css/all.min.css HTTP/1.1" 404 2044
"GET /static/jazzmin/css/main.css HTTP/1.1" 404 1987
"GET /static/jazzmin/css/main.css HTTP/1.1" 404 1987
"GET /static/vendor/adminlte/css/adminlte.min.css HTTP/1.1" 404 2035
"GET /static/vendor/adminlte/css/adminlte.min.css HTTP/1.1" 404 2035
"GET /static/vendor/adminlte/js/adminlte.min.js HTTP/1.1" 404 2029
"GET /static/vendor/adminlte/js/adminlte.min.js HTTP/1.1" 404 2029
"GET /static/vendor/bootstrap/js/bootstrap.min.js HTTP/1.1" 200 60583
"GET /static/vendor/bootstrap/js/bootstrap.min.js HTTP/1.1" 200 60583
"GET /static/admin/js/vendor/jquery/jquery.js HTTP/1.1" 200 285314
"GET /static/admin/js/vendor/jquery/jquery.js HTTP/1.1" 200 285314
"GET /static/True HTTP/1.1" 404 1939
"GET /static/True HTTP/1.1" 404 1939
"GET /static/True HTTP/1.1" 404 1939
"GET /static/True HTTP/1.1" 404 1939
"GET / HTTP/1.1" 200 44065
"GET / HTTP/1.1" 200 44065
"GET /static/css/home.css HTTP/1.1" 304 0
"GET /static/css/home.css HTTP/1.1" 304 0
Not Found: /assets/image/stethoscope.png
Not Found: /assets/image/stethoscope.png
Not Found: /assets/image/freedom (2).png
Not Found: /assets/image/freedom (2).png
Not Found: /assets/image/agreement (1).png
"GET /assets/image/stethoscope.png HTTP/1.1" 404 19291
Not Found: /assets/image/agreement (1).png
"GET /assets/image/stethoscope.png HTTP/1.1" 404 19291
"GET /assets/image/freedom%20(2).png HTTP/1.1" 404 19293
"GET /assets/image/agreement%20(1).png HTTP/1.1" 404 19299
Not Found: /assets/image/money-flow (1).png
"GET /assets/image/freedom%20(2).png HTTP/1.1" 404 19293
"GET /assets/image/agreement%20(1).png HTTP/1.1" 404 19299
Not Found: /assets/image/money-flow (1).png
"GET /assets/image/money-flow%20(1).png HTTP/1.1" 404 19302
"GET /assets/image/money-flow%20(1).png HTTP/1.1" 404 19302
Not Found: /.well-known/appspecific/com.chrome.devtools.json
Not Found: /.well-known/appspecific/com.chrome.devtools.json
"GET /.well-known/appspecific/com.chrome.devtools.json HTTP/1.1" 404 19351
"GET /.well-known/appspecific/com.chrome.devtools.json HTTP/1.1" 404 19351
"GET / HTTP/1.1" 200 44096
"GET / HTTP/1.1" 200 44096
Not Found: /.well-known/appspecific/com.chrome.devtools.json
Not Found: /.well-known/appspecific/com.chrome.devtools.json
"GET /.well-known/appspecific/com.chrome.devtools.json HTTP/1.1" 404 19351
"GET /.well-known/appspecific/com.chrome.devtools.json HTTP/1.1" 404 19351
Not Found: /assets/image/stethoscope.png
Not Found: /assets/image/stethoscope.png
Not Found: /assets/image/money-flow (1).png
Not Found: /assets/image/agreement (1).png
"GET /assets/image/stethoscope.png HTTP/1.1" 404 19291
Not Found: /assets/image/money-flow (1).png
Not Found: /assets/image/agreement (1).png
"GET /assets/image/stethoscope.png HTTP/1.1" 404 19291
"GET /assets/image/money-flow%20(1).png HTTP/1.1" 404 19302
"GET /assets/image/agreement%20(1).png HTTP/1.1" 404 19299
"GET /assets/image/money-flow%20(1).png HTTP/1.1" 404 19302
"GET /assets/image/agreement%20(1).png HTTP/1.1" 404 19299
Not Found: /assets/image/freedom (2).png
Not Found: /assets/image/freedom (2).png
"GET /assets/image/freedom%20(2).png HTTP/1.1" 404 19293
"GET /assets/image/freedom%20(2).png HTTP/1.1" 404 19293
"GET /login/ HTTP/1.1" 200 32335
"GET /login/ HTTP/1.1" 200 32335
Not Found: /.well-known/appspecific/com.chrome.devtools.json
Not Found: /.well-known/appspecific/com.chrome.devtools.json
"GET /.well-known/appspecific/com.chrome.devtools.json HTTP/1.1" 404 19351
"GET /.well-known/appspecific/com.chrome.devtools.json HTTP/1.1" 404 19351
"GET /password_reset/ HTTP/1.1" 200 3122
"GET /password_reset/ HTTP/1.1" 200 3122
Not Found: /.well-known/appspecific/com.chrome.devtools.json
Not Found: /.well-known/appspecific/com.chrome.devtools.json
"GET /.well-known/appspecific/com.chrome.devtools.json HTTP/1.1" 404 19351
"GET /.well-known/appspecific/com.chrome.devtools.json HTTP/1.1" 404 19351
"GET /static/jazzmin/css/main.css HTTP/1.1" 404 1987
"GET /static/vendor/adminlte/css/adminlte.min.css HTTP/1.1" 404 2035
"GET /static/jazzmin/css/main.css HTTP/1.1" 404 1987
"GET /static/vendor/fontawesome-free/css/all.min.css HTTP/1.1" 404 2044
"GET /static/vendor/adminlte/css/adminlte.min.css HTTP/1.1" 404 2035
"GET /static/vendor/fontawesome-free/css/all.min.css HTTP/1.1" 404 2044
"GET /static/vendor/adminlte/js/adminlte.min.js HTTP/1.1" 404 2029
"GET /static/vendor/adminlte/js/adminlte.min.js HTTP/1.1" 404 2029
"GET /static/True HTTP/1.1" 404 1939
"GET /static/True HTTP/1.1" 404 1939
"GET /static/vendor/bootstrap/js/bootstrap.min.js.map HTTP/1.1" 200 220350
"GET /static/vendor/bootstrap/js/bootstrap.min.js.map HTTP/1.1" 200 220350
Not Found: /.well-known/appspecific/com.chrome.devtools.json
Not Found: /.well-known/appspecific/com.chrome.devtools.json
"GET /.well-known/appspecific/com.chrome.devtools.json HTTP/1.1" 404 19351
"GET /.well-known/appspecific/com.chrome.devtools.json HTTP/1.1" 404 19351
Not Found: /.well-known/appspecific/com.chrome.devtools.json
Not Found: /.well-known/appspecific/com.chrome.devtools.json
"GET /.well-known/appspecific/com.chrome.devtools.json HTTP/1.1" 404 19351
"GET /.well-known/appspecific/com.chrome.devtools.json HTTP/1.1" 404 19351
"GET /password_reset/ HTTP/1.1" 200 3122
"GET /password_reset/ HTTP/1.1" 200 3122
Not Found: /.well-known/appspecific/com.chrome.devtools.json
Not Found: /.well-known/appspecific/com.chrome.devtools.json
"GET /.well-known/appspecific/com.chrome.devtools.json HTTP/1.1" 404 19351
"GET /.well-known/appspecific/com.chrome.devtools.json HTTP/1.1" 404 19351
"GET /static/vendor/fontawesome-free/css/all.min.css HTTP/1.1" 404 2044
"GET /static/vendor/fontawesome-free/css/all.min.css HTTP/1.1" 404 2044
"GET /static/vendor/adminlte/css/adminlte.min.css HTTP/1.1" 404 2035
"GET /static/jazzmin/css/main.css HTTP/1.1" 404 1987
"GET /static/vendor/adminlte/css/adminlte.min.css HTTP/1.1" 404 2035
"GET /static/vendor/adminlte/js/adminlte.min.js HTTP/1.1" 404 2029
"GET /static/jazzmin/css/main.css HTTP/1.1" 404 1987
"GET /static/True HTTP/1.1" 404 1939
"GET /static/vendor/adminlte/js/adminlte.min.js HTTP/1.1" 404 2029
"GET /static/True HTTP/1.1" 404 1939
Not Found: /.well-known/appspecific/com.chrome.devtools.json
Not Found: /.well-known/appspecific/com.chrome.devtools.json
"GET /.well-known/appspecific/com.chrome.devtools.json HTTP/1.1" 404 19351
"GET /.well-known/appspecific/com.chrome.devtools.json HTTP/1.1" 404 19351
Not Found: /.well-known/appspecific/com.chrome.devtools.json
Not Found: /.well-known/appspecific/com.chrome.devtools.json
"GET /.well-known/appspecific/com.chrome.devtools.json HTTP/1.1" 404 19351
"GET /.well-known/appspecific/com.chrome.devtools.json HTTP/1.1" 404 19351
"GET /registrarCliente/ HTTP/1.1" 200 114358
"GET /registrarCliente/ HTTP/1.1" 200 114358
Not Found: /.well-known/appspecific/com.chrome.devtools.json
Not Found: /.well-known/appspecific/com.chrome.devtools.json
"GET /.well-known/appspecific/com.chrome.devtools.json HTTP/1.1" 404 19351
"GET /.well-known/appspecific/com.chrome.devtools.json HTTP/1.1" 404 19351
"GET /registrarProfissional/ HTTP/1.1" 200 167320
"GET /registrarProfissional/ HTTP/1.1" 200 167320
Not Found: /.well-known/appspecific/com.chrome.devtools.json
Not Found: /.well-known/appspecific/com.chrome.devtools.json
"GET /.well-known/appspecific/com.chrome.devtools.json HTTP/1.1" 404 19351
"GET /.well-known/appspecific/com.chrome.devtools.json HTTP/1.1" 404 19351
"GET /static/js/form.js HTTP/1.1" 200 4434
"GET /static/js/form.js HTTP/1.1" 200 4434
"GET /registrarClinica/ HTTP/1.1" 200 169680
"GET /registrarClinica/ HTTP/1.1" 200 169680
Not Found: /.well-known/appspecific/com.chrome.devtools.json
Not Found: /.well-known/appspecific/com.chrome.devtools.json
"GET /.well-known/appspecific/com.chrome.devtools.json HTTP/1.1" 404 19351
"GET /.well-known/appspecific/com.chrome.devtools.json HTTP/1.1" 404 19351
"GET / HTTP/1.1" 200 44075
"GET / HTTP/1.1" 200 44075
Not Found: /.well-known/appspecific/com.chrome.devtools.json
Not Found: /.well-known/appspecific/com.chrome.devtools.json
"GET /.well-known/appspecific/com.chrome.devtools.json HTTP/1.1" 404 19351
"GET /.well-known/appspecific/com.chrome.devtools.json HTTP/1.1" 404 19351
Not Found: /assets/image/stethoscope.png
Not Found: /assets/image/freedom (2).png
Not Found: /assets/image/stethoscope.png
Not Found: /assets/image/freedom (2).png
"GET /assets/image/stethoscope.png HTTP/1.1" 404 19291
"GET /assets/image/freedom%20(2).png HTTP/1.1" 404 19293
"GET /assets/image/stethoscope.png HTTP/1.1" 404 19291
Not Found: /assets/image/money-flow (1).png
"GET /assets/image/freedom%20(2).png HTTP/1.1" 404 19293
Not Found: /assets/image/money-flow (1).png
Not Found: /assets/image/agreement (1).png
"GET /assets/image/money-flow%20(1).png HTTP/1.1" 404 19302
Not Found: /assets/image/agreement (1).png
"GET /assets/image/money-flow%20(1).png HTTP/1.1" 404 19302
"GET /assets/image/agreement%20(1).png HTTP/1.1" 404 19299
"GET /assets/image/agreement%20(1).png HTTP/1.1" 404 19299
"GET / HTTP/1.1" 200 44068
"GET / HTTP/1.1" 200 44068
Not Found: /.well-known/appspecific/com.chrome.devtools.json
Not Found: /.well-known/appspecific/com.chrome.devtools.json
Not Found: /assets/image/freedom (2).png
Not Found: /assets/image/stethoscope.png
Not Found: /assets/image/freedom (2).png
Not Found: /assets/image/stethoscope.png
"GET /.well-known/appspecific/com.chrome.devtools.json HTTP/1.1" 404 19351
"GET /assets/image/freedom%20(2).png HTTP/1.1" 404 19293
Not Found: /assets/image/agreement (1).png
"GET /.well-known/appspecific/com.chrome.devtools.json HTTP/1.1" 404 19351
"GET /assets/image/stethoscope.png HTTP/1.1" 404 19291
"GET /assets/image/freedom%20(2).png HTTP/1.1" 404 19293
Not Found: /assets/image/agreement (1).png
Not Found: /assets/image/money-flow (1).png
"GET /assets/image/stethoscope.png HTTP/1.1" 404 19291
Not Found: /assets/image/money-flow (1).png
"GET /assets/image/agreement%20(1).png HTTP/1.1" 404 19299
"GET /assets/image/agreement%20(1).png HTTP/1.1" 404 19299
"GET /assets/image/money-flow%20(1).png HTTP/1.1" 404 19302
"GET /assets/image/money-flow%20(1).png HTTP/1.1" 404 19302
- Broken pipe from ('127.0.0.1', 55177)
- Broken pipe from ('127.0.0.1', 55177)
"GET /pesquisar/Dentista/ HTTP/1.1" 200 29360
"GET /pesquisar/Dentista/ HTTP/1.1" 200 29360
Not Found: /.well-known/appspecific/com.chrome.devtools.json
Not Found: /.well-known/appspecific/com.chrome.devtools.json
"GET /.well-known/appspecific/com.chrome.devtools.json HTTP/1.1" 404 19351
"GET /.well-known/appspecific/com.chrome.devtools.json HTTP/1.1" 404 19351
"GET /static/img/dental-care.png HTTP/1.1" 200 29132
"GET /static/img/dental-care.png HTTP/1.1" 200 29132
"GET /static/js/pesquisarJS/pesquisarDentistas.js HTTP/1.1" 200 6135
"GET /static/js/pesquisarJS/pesquisarDentistas.js HTTP/1.1" 200 6135
"GET /buscar_especialidades/?tipo_profissional=Dentista HTTP/1.1" 200 50
"GET /buscar_especialidades/?tipo_profissional=Dentista HTTP/1.1" 200 50
"GET /buscar_estados/?tipo_profissional=Dentista&especialidade=Pr%C3%B3tese%20Dent%C3%A1ria HTTP/1.1" 200 19
"GET /buscar_estados/?tipo_profissional=Dentista&especialidade=Pr%C3%B3tese%20Dent%C3%A1ria HTTP/1.1" 200 19
"GET /get_cities/?estado=ES&tipo_profissional=Dentista&especialidade=Pr%C3%B3tese%20Dent%C3%A1ria HTTP/1.1" 200 28
"GET /get_cities/?estado=ES&tipo_profissional=Dentista&especialidade=Pr%C3%B3tese%20Dent%C3%A1ria HTTP/1.1" 200 28
"GET /profissionais?tipo_profissional=Dentista&estado=ES&especialidade=Pr%C3%B3tese+Dent%C3%A1ria&cidade=Vit%C3%B3ria HTTP/1.1" 301 0
"GET /profissionais?tipo_profissional=Dentista&estado=ES&especialidade=Pr%C3%B3tese+Dent%C3%A1ria&cidade=Vit%C3%B3ria HTTP/1.1" 301 0
"GET /profissionais/?tipo_profissional=Dentista&estado=ES&especialidade=Pr%C3%B3tese+Dent%C3%A1ria&cidade=Vit%C3%B3ria HTTP/1.1" 200 42590
"GET /profissionais/?tipo_profissional=Dentista&estado=ES&especialidade=Pr%C3%B3tese+Dent%C3%A1ria&cidade=Vit%C3%B3ria HTTP/1.1" 200 42590
Not Found: /.well-known/appspecific/com.chrome.devtools.json
Not Found: /.well-known/appspecific/com.chrome.devtools.json
"GET /.well-known/appspecific/com.chrome.devtools.json HTTP/1.1" 404 19351
"GET /.well-known/appspecific/com.chrome.devtools.json HTTP/1.1" 404 19351
"GET /static/css/home.css HTTP/1.1" 304 0
"GET /static/css/home.css HTTP/1.1" 304 0
"GET /buscar_convenios_por_tipo_profissional/?tipo_profissional=Dentista&estado=ES&especialidade=Pr%C3%B3tese%20Dent%C3%A1ria&cidade=Vit%C3%B3ria HTTP/1.1" 200 49
"GET /buscar_convenios_por_tipo_profissional/?tipo_profissional=Dentista&estado=ES&especialidade=Pr%C3%B3tese%20Dent%C3%A1ria&cidade=Vit%C3%B3ria HTTP/1.1" 200 49
"GET /profissionais/?tipo_profissional=Dentista&estado=ES&especialidade=Pr%C3%B3tese+Dent%C3%A1ria&cidade=Vit%C3%B3ria&convenios=Bradesco+Dental HTTP/1.1" 200 42590
"GET /profissionais/?tipo_profissional=Dentista&estado=ES&especialidade=Pr%C3%B3tese+Dent%C3%A1ria&cidade=Vit%C3%B3ria&convenios=Bradesco+Dental HTTP/1.1" 200 42590
Not Found: /.well-known/appspecific/com.chrome.devtools.json
Not Found: /.well-known/appspecific/com.chrome.devtools.json
"GET /.well-known/appspecific/com.chrome.devtools.json HTTP/1.1" 404 19351
"GET /.well-known/appspecific/com.chrome.devtools.json HTTP/1.1" 404 19351
"GET /buscar_convenios_por_tipo_profissional/?tipo_profissional=Dentista&estado=ES&especialidade=Pr%C3%B3tese%20Dent%C3%A1ria&cidade=Vit%C3%B3ria HTTP/1.1" 200 49
"GET /buscar_convenios_por_tipo_profissional/?tipo_profissional=Dentista&estado=ES&especialidade=Pr%C3%B3tese%20Dent%C3%A1ria&cidade=Vit%C3%B3ria HTTP/1.1" 200 49
"GET /perfil/19/ HTTP/1.1" 200 47235
- Broken pipe from ('127.0.0.1', 55154)
"GET /perfil/19/ HTTP/1.1" 200 47235
- Broken pipe from ('127.0.0.1', 55154)
Not Found: /.well-known/appspecific/com.chrome.devtools.json
Not Found: /.well-known/appspecific/com.chrome.devtools.json
"GET /.well-known/appspecific/com.chrome.devtools.json HTTP/1.1" 404 19351
"GET /.well-known/appspecific/com.chrome.devtools.json HTTP/1.1" 404 19351
"GET /static/css/perfil.css HTTP/1.1" 200 22563
"GET /static/css/perfil.css HTTP/1.1" 200 22563
Not Found: /.well-known/appspecific/com.chrome.devtools.json
Not Found: /.well-known/appspecific/com.chrome.devtools.json
"GET /.well-known/appspecific/com.chrome.devtools.json HTTP/1.1" 404 19351
"GET /.well-known/appspecific/com.chrome.devtools.json HTTP/1.1" 404 19351
"GET / HTTP/1.1" 200 44063
"GET / HTTP/1.1" 200 44063
Not Found: /.well-known/appspecific/com.chrome.devtools.json
Not Found: /.well-known/appspecific/com.chrome.devtools.json
"GET /.well-known/appspecific/com.chrome.devtools.json HTTP/1.1" 404 19351
"GET /.well-known/appspecific/com.chrome.devtools.json HTTP/1.1" 404 19351
Not Found: /assets/image/stethoscope.png
Not Found: /assets/image/stethoscope.png
Not Found: /assets/image/freedom (2).png
Not Found: /assets/image/agreement (1).png
"GET /assets/image/stethoscope.png HTTP/1.1" 404 19291
Not Found: /assets/image/freedom (2).png
Not Found: /assets/image/agreement (1).png
"GET /assets/image/freedom%20(2).png HTTP/1.1" 404 19293
"GET /assets/image/stethoscope.png HTTP/1.1" 404 19291
"GET /assets/image/agreement%20(1).png HTTP/1.1" 404 19299
"GET /assets/image/freedom%20(2).png HTTP/1.1" 404 19293
"GET /assets/image/agreement%20(1).png HTTP/1.1" 404 19299
Not Found: /assets/image/money-flow (1).png
Not Found: /assets/image/money-flow (1).png
"GET /assets/image/money-flow%20(1).png HTTP/1.1" 404 19302
"GET /assets/image/money-flow%20(1).png HTTP/1.1" 404 19302
"GET / HTTP/1.1" 200 44161
"GET / HTTP/1.1" 200 44161
Not Found: /.well-known/appspecific/com.chrome.devtools.json
Not Found: /.well-known/appspecific/com.chrome.devtools.json
"GET /.well-known/appspecific/com.chrome.devtools.json HTTP/1.1" 404 19351
"GET /.well-known/appspecific/com.chrome.devtools.json HTTP/1.1" 404 19351
Not Found: /assets/image/stethoscope.png
Not Found: /assets/image/stethoscope.png
"GET /assets/image/stethoscope.png HTTP/1.1" 404 19291
"GET /assets/image/stethoscope.png HTTP/1.1" 404 19291
Not Found: /assets/image/freedom (2).png
Not Found: /assets/image/freedom (2).png
Not Found: /assets/image/agreement (1).png
Not Found: /assets/image/money-flow (1).png
Not Found: /assets/image/agreement (1).png
Not Found: /assets/image/money-flow (1).png
"GET /assets/image/agreement%20(1).png HTTP/1.1" 404 19299
"GET /assets/image/freedom%20(2).png HTTP/1.1" 404 19293
"GET /assets/image/agreement%20(1).png HTTP/1.1" 404 19299
"GET /assets/image/money-flow%20(1).png HTTP/1.1" 404 19302
"GET /assets/image/freedom%20(2).png HTTP/1.1" 404 19293
"GET /assets/image/money-flow%20(1).png HTTP/1.1" 404 19302
"GET /media/images/242eb692-aab3-4406-8800-d757aa47f9d0.jpg HTTP/1.1" 304 0
"GET /media/images/242eb692-aab3-4406-8800-d757aa47f9d0.jpg HTTP/1.1" 304 0
"GET /pesquisar/M%C3%A9dico/ HTTP/1.1" 200 29372
"GET /pesquisar/M%C3%A9dico/ HTTP/1.1" 200 29372
Not Found: /.well-known/appspecific/com.chrome.devtools.json
Not Found: /.well-known/appspecific/com.chrome.devtools.json
"GET /.well-known/appspecific/com.chrome.devtools.json HTTP/1.1" 404 19351
"GET /.well-known/appspecific/com.chrome.devtools.json HTTP/1.1" 404 19351
"GET /buscar_especialidades/?tipo_profissional=M%C3%A9dico HTTP/1.1" 200 73
"GET /buscar_especialidades/?tipo_profissional=M%C3%A9dico HTTP/1.1" 200 73
"GET / HTTP/1.1" 200 44129
"GET / HTTP/1.1" 200 44129
Not Found: /.well-known/appspecific/com.chrome.devtools.json
Not Found: /.well-known/appspecific/com.chrome.devtools.json
"GET /.well-known/appspecific/com.chrome.devtools.json HTTP/1.1" 404 19351
"GET /.well-known/appspecific/com.chrome.devtools.json HTTP/1.1" 404 19351
"GET /static/css/home.css HTTP/1.1" 304 0
"GET /static/css/home.css HTTP/1.1" 304 0
Not Found: /assets/image/stethoscope.png
Not Found: /assets/image/stethoscope.png
"GET /assets/image/stethoscope.png HTTP/1.1" 404 19291
"GET /assets/image/stethoscope.png HTTP/1.1" 404 19291
Not Found: /assets/image/freedom (2).png
Not Found: /assets/image/freedom (2).png
"GET /assets/image/freedom%20(2).png HTTP/1.1" 404 19293
"GET /assets/image/freedom%20(2).png HTTP/1.1" 404 19293
Not Found: /assets/image/agreement (1).png
Not Found: /assets/image/agreement (1).png
"GET /assets/image/agreement%20(1).png HTTP/1.1" 404 19299
"GET /assets/image/agreement%20(1).png HTTP/1.1" 404 19299
Not Found: /assets/image/money-flow (1).png
Not Found: /assets/image/money-flow (1).png
"GET /assets/image/money-flow%20(1).png HTTP/1.1" 404 19302
"GET /assets/image/money-flow%20(1).png HTTP/1.1" 404 19302
"GET / HTTP/1.1" 200 44063
"GET / HTTP/1.1" 200 44063
Not Found: /.well-known/appspecific/com.chrome.devtools.json
Not Found: /.well-known/appspecific/com.chrome.devtools.json
"GET /.well-known/appspecific/com.chrome.devtools.json HTTP/1.1" 404 19351
"GET /.well-known/appspecific/com.chrome.devtools.json HTTP/1.1" 404 19351
"GET /static/css/home.css HTTP/1.1" 304 0
"GET /static/css/home.css HTTP/1.1" 304 0
Not Found: /assets/image/stethoscope.png
Not Found: /assets/image/stethoscope.png
"GET /assets/image/stethoscope.png HTTP/1.1" 404 19291
"GET /assets/image/stethoscope.png HTTP/1.1" 404 19291
Not Found: /assets/image/freedom (2).png
Not Found: /assets/image/freedom (2).png
"GET /assets/image/freedom%20(2).png HTTP/1.1" 404 19293
Not Found: /assets/image/agreement (1).png
Not Found: /assets/image/money-flow (1).png
"GET /assets/image/freedom%20(2).png HTTP/1.1" 404 19293
Not Found: /assets/image/agreement (1).png
Not Found: /assets/image/money-flow (1).png
"GET /assets/image/money-flow%20(1).png HTTP/1.1" 404 19302
"GET /assets/image/agreement%20(1).png HTTP/1.1" 404 19299
"GET /assets/image/money-flow%20(1).png HTTP/1.1" 404 19302
"GET /assets/image/agreement%20(1).png HTTP/1.1" 404 19299
"GET /pesquisar/M%C3%A9dico/ HTTP/1.1" 200 29372
"GET /pesquisar/M%C3%A9dico/ HTTP/1.1" 200 29372
Not Found: /.well-known/appspecific/com.chrome.devtools.json
Not Found: /.well-known/appspecific/com.chrome.devtools.json
"GET /.well-known/appspecific/com.chrome.devtools.json HTTP/1.1" 404 19351
"GET /.well-known/appspecific/com.chrome.devtools.json HTTP/1.1" 404 19351
"GET /buscar_especialidades/?tipo_profissional=M%C3%A9dico HTTP/1.1" 200 73
"GET /buscar_especialidades/?tipo_profissional=M%C3%A9dico HTTP/1.1" 200 73
"GET /buscar_estados/?tipo_profissional=M%C3%A9dico&especialidade=Alergista HTTP/1.1" 200 25
"GET /buscar_estados/?tipo_profissional=M%C3%A9dico&especialidade=Alergista HTTP/1.1" 200 25
"GET /get_cities/?estado=ES&tipo_profissional=M%C3%A9dico&especialidade=Alergista HTTP/1.1" 200 28
"GET /get_cities/?estado=ES&tipo_profissional=M%C3%A9dico&especialidade=Alergista HTTP/1.1" 200 28
"GET /profissionais?tipo_profissional=M%C3%A9dico&estado=ES&especialidade=Alergista&cidade=Vit%C3%B3ria HTTP/1.1" 301 0
"GET /profissionais?tipo_profissional=M%C3%A9dico&estado=ES&especialidade=Alergista&cidade=Vit%C3%B3ria HTTP/1.1" 301 0
"GET /profissionais/?tipo_profissional=M%C3%A9dico&estado=ES&especialidade=Alergista&cidade=Vit%C3%B3ria HTTP/1.1" 200 56468
"GET /profissionais/?tipo_profissional=M%C3%A9dico&estado=ES&especialidade=Alergista&cidade=Vit%C3%B3ria HTTP/1.1" 200 56468
Not Found: /.well-known/appspecific/com.chrome.devtools.json
Not Found: /.well-known/appspecific/com.chrome.devtools.json
"GET /.well-known/appspecific/com.chrome.devtools.json HTTP/1.1" 404 19351
"GET /.well-known/appspecific/com.chrome.devtools.json HTTP/1.1" 404 19351
"GET /buscar_convenios_por_tipo_profissional/?tipo_profissional=M%C3%A9dico&estado=ES&especialidade=Alergista&cidade=Vit%C3%B3ria HTTP/1.1" 200 48
"GET /buscar_convenios_por_tipo_profissional/?tipo_profissional=M%C3%A9dico&estado=ES&especialidade=Alergista&cidade=Vit%C3%B3ria HTTP/1.1" 200 48
"GET /perfil/14/ HTTP/1.1" 200 47331
"GET /perfil/14/ HTTP/1.1" 200 47331
Not Found: /.well-known/appspecific/com.chrome.devtools.json
Not Found: /.well-known/appspecific/com.chrome.devtools.json
"GET /.well-known/appspecific/com.chrome.devtools.json HTTP/1.1" 404 19351
"GET /.well-known/appspecific/com.chrome.devtools.json HTTP/1.1" 404 19351
Not Found: /.well-known/appspecific/com.chrome.devtools.json
Not Found: /.well-known/appspecific/com.chrome.devtools.json
"GET /.well-known/appspecific/com.chrome.devtools.json HTTP/1.1" 404 19351
"GET /.well-known/appspecific/com.chrome.devtools.json HTTP/1.1" 404 19351
Not Found: /.well-known/appspecific/com.chrome.devtools.json
Not Found: /.well-known/appspecific/com.chrome.devtools.json
"GET /.well-known/appspecific/com.chrome.devtools.json HTTP/1.1" 404 19351
"GET /.well-known/appspecific/com.chrome.devtools.json HTTP/1.1" 404 19351
"GET / HTTP/1.1" 200 44057
"GET / HTTP/1.1" 200 44057
Not Found: /.well-known/appspecific/com.chrome.devtools.json
Not Found: /.well-known/appspecific/com.chrome.devtools.json
"GET /.well-known/appspecific/com.chrome.devtools.json HTTP/1.1" 404 19351
"GET /.well-known/appspecific/com.chrome.devtools.json HTTP/1.1" 404 19351
Not Found: /assets/image/stethoscope.png
Not Found: /assets/image/freedom (2).png
Not Found: /assets/image/stethoscope.png
Not Found: /assets/image/agreement (1).png
Not Found: /assets/image/freedom (2).png
Not Found: /assets/image/agreement (1).png
Not Found: /assets/image/money-flow (1).png
"GET /assets/image/stethoscope.png HTTP/1.1" 404 19291
Not Found: /assets/image/money-flow (1).png
"GET /assets/image/freedom%20(2).png HTTP/1.1" 404 19293
"GET /assets/image/agreement%20(1).png HTTP/1.1" 404 19299
"GET /assets/image/stethoscope.png HTTP/1.1" 404 19291
"GET /assets/image/freedom%20(2).png HTTP/1.1" 404 19293
"GET /assets/image/agreement%20(1).png HTTP/1.1" 404 19299
"GET /assets/image/money-flow%20(1).png HTTP/1.1" 404 19302
"GET /assets/image/money-flow%20(1).png HTTP/1.1" 404 19302
"GET /pesquisarClinica/Cl%C3%ADnica/ HTTP/1.1" 200 28757
"GET /pesquisarClinica/Cl%C3%ADnica/ HTTP/1.1" 200 28757
"GET /static/js/pesquisarJS/pesquisarExames.js HTTP/1.1" 200 4154
"GET /static/img/radiography.png HTTP/1.1" 200 17270
"GET /static/js/pesquisarJS/pesquisarExames.js HTTP/1.1" 200 4154
"GET /static/img/radiography.png HTTP/1.1" 200 17270
"GET /buscar_estados_por_tipo_clinica/?tipo_clinica=Laborat%C3%B3rio HTTP/1.1" 200 19
"GET /buscar_estados_por_tipo_clinica/?tipo_clinica=Laborat%C3%B3rio HTTP/1.1" 200 19
"GET /buscar_cidades_por_tipo_clinica/?tipo_clinica=Laborat%C3%B3rio&estados=ES HTTP/1.1" 200 29
"GET /buscar_cidades_por_tipo_clinica/?tipo_clinica=Laborat%C3%B3rio&estados=ES HTTP/1.1" 200 29
"GET /clinicas?tipo_clinica=Laborat%C3%B3rio&estados=ES&cidades=Vit%C3%B3ria HTTP/1.1" 301 0
"GET /clinicas?tipo_clinica=Laborat%C3%B3rio&estados=ES&cidades=Vit%C3%B3ria HTTP/1.1" 301 0
"GET /clinicas/?tipo_clinica=Laborat%C3%B3rio&estados=ES&cidades=Vit%C3%B3ria HTTP/1.1" 200 42586
"GET /clinicas/?tipo_clinica=Laborat%C3%B3rio&estados=ES&cidades=Vit%C3%B3ria HTTP/1.1" 200 42586
"GET /static/js/filtrarClinicas.js HTTP/1.1" 200 3742
"GET /static/js/filtrarClinicas.js HTTP/1.1" 200 3742
"GET /buscar_convenios_por_tipo_clinica/?tipo_clinica=Laborat%C3%B3rio HTTP/1.1" 200 56
"GET /buscar_convenios_por_tipo_clinica/?tipo_clinica=Laborat%C3%B3rio HTTP/1.1" 200 56
"GET /static/img/diagnostic.png HTTP/1.1" 200 50400
"GET /static/img/diagnostic.png HTTP/1.1" 200 50400
"GET /perfilClinica/21/ HTTP/1.1" 200 49918
"GET /perfilClinica/21/ HTTP/1.1" 200 49918
Not Found: /.well-known/appspecific/com.chrome.devtools.json
Not Found: /.well-known/appspecific/com.chrome.devtools.json
"GET /.well-known/appspecific/com.chrome.devtools.json HTTP/1.1" 404 19351
"GET /.well-known/appspecific/com.chrome.devtools.json HTTP/1.1" 404 19351
Not Found: /.well-known/appspecific/com.chrome.devtools.json
Not Found: /.well-known/appspecific/com.chrome.devtools.json
"GET /.well-known/appspecific/com.chrome.devtools.json HTTP/1.1" 404 19351
"GET /.well-known/appspecific/com.chrome.devtools.json HTTP/1.1" 404 19351
Not Found: /.well-known/appspecific/com.chrome.devtools.json
Not Found: /.well-known/appspecific/com.chrome.devtools.json
"GET /.well-known/appspecific/com.chrome.devtools.json HTTP/1.1" 404 19351
"GET /.well-known/appspecific/com.chrome.devtools.json HTTP/1.1" 404 19351
"GET / HTTP/1.1" 200 44074
"GET / HTTP/1.1" 200 44074
Not Found: /.well-known/appspecific/com.chrome.devtools.json
Not Found: /.well-known/appspecific/com.chrome.devtools.json
"GET /.well-known/appspecific/com.chrome.devtools.json HTTP/1.1" 404 19351
"GET /.well-known/appspecific/com.chrome.devtools.json HTTP/1.1" 404 19351
Not Found: /assets/image/stethoscope.png
Not Found: /assets/image/freedom (2).png
Not Found: /assets/image/stethoscope.png
Not Found: /assets/image/freedom (2).png
Not Found: /assets/image/agreement (1).png
"GET /assets/image/stethoscope.png HTTP/1.1" 404 19291
"GET /assets/image/freedom%20(2).png HTTP/1.1" 404 19293
Not Found: /assets/image/agreement (1).png
Not Found: /assets/image/money-flow (1).png
"GET /assets/image/agreement%20(1).png HTTP/1.1" 404 19299
"GET /assets/image/stethoscope.png HTTP/1.1" 404 19291
"GET /assets/image/freedom%20(2).png HTTP/1.1" 404 19293
Not Found: /assets/image/money-flow (1).png
"GET /assets/image/agreement%20(1).png HTTP/1.1" 404 19299
"GET /assets/image/money-flow%20(1).png HTTP/1.1" 404 19302
"GET /assets/image/money-flow%20(1).png HTTP/1.1" 404 19302
"GET /pesquisar/M%C3%A9dico/ HTTP/1.1" 200 29372
"GET /pesquisar/M%C3%A9dico/ HTTP/1.1" 200 29372
Not Found: /.well-known/appspecific/com.chrome.devtools.json
Not Found: /.well-known/appspecific/com.chrome.devtools.json
"GET /.well-known/appspecific/com.chrome.devtools.json HTTP/1.1" 404 19351
"GET /.well-known/appspecific/com.chrome.devtools.json HTTP/1.1" 404 19351
"GET /buscar_especialidades/?tipo_profissional=M%C3%A9dico HTTP/1.1" 200 73
"GET /buscar_especialidades/?tipo_profissional=M%C3%A9dico HTTP/1.1" 200 73
"GET /buscar_estados/?tipo_profissional=M%C3%A9dico&especialidade=Anestesiologista HTTP/1.1" 200 19
"GET /buscar_estados/?tipo_profissional=M%C3%A9dico&especialidade=Anestesiologista HTTP/1.1" 200 19
"GET /get_cities/?estado=ES&tipo_profissional=M%C3%A9dico&especialidade=Anestesiologista HTTP/1.1" 200 39
"GET /get_cities/?estado=ES&tipo_profissional=M%C3%A9dico&especialidade=Anestesiologista HTTP/1.1" 200 39
"GET /profissionais?tipo_profissional=M%C3%A9dico&estado=ES&especialidade=Anestesiologista&cidade=Aracruz HTTP/1.1" 301 0
"GET /profissionais?tipo_profissional=M%C3%A9dico&estado=ES&especialidade=Anestesiologista&cidade=Aracruz HTTP/1.1" 301 0
"GET /profissionais/?tipo_profissional=M%C3%A9dico&estado=ES&especialidade=Anestesiologista&cidade=Aracruz HTTP/1.1" 200 42343
"GET /profissionais/?tipo_profissional=M%C3%A9dico&estado=ES&especialidade=Anestesiologista&cidade=Aracruz HTTP/1.1" 200 42343
Not Found: /.well-known/appspecific/com.chrome.devtools.json
Not Found: /.well-known/appspecific/com.chrome.devtools.json
"GET /.well-known/appspecific/com.chrome.devtools.json HTTP/1.1" 404 19351
"GET /.well-known/appspecific/com.chrome.devtools.json HTTP/1.1" 404 19351
"GET /media/images/242eb692-aab3-4406-8800-d757aa47f9d0.jpg HTTP/1.1" 304 0
"GET /media/images/242eb692-aab3-4406-8800-d757aa47f9d0.jpg HTTP/1.1" 304 0
"GET /buscar_convenios_por_tipo_profissional/?tipo_profissional=M%C3%A9dico&estado=ES&especialidade=Anestesiologista&cidade=Aracruz HTTP/1.1" 200 38
"GET /buscar_convenios_por_tipo_profissional/?tipo_profissional=M%C3%A9dico&estado=ES&especialidade=Anestesiologista&cidade=Aracruz HTTP/1.1" 200 38
"GET /perfil/29/ HTTP/1.1" 200 48008
"GET /perfil/29/ HTTP/1.1" 200 48008
Not Found: /.well-known/appspecific/com.chrome.devtools.json
Not Found: /.well-known/appspecific/com.chrome.devtools.json
"GET /.well-known/appspecific/com.chrome.devtools.json HTTP/1.1" 404 19351
"GET /.well-known/appspecific/com.chrome.devtools.json HTTP/1.1" 404 19351
"GET /admin HTTP/1.1" 301 0
"GET /admin HTTP/1.1" 301 0
"GET /admin/ HTTP/1.1" 302 0
"GET /admin/ HTTP/1.1" 302 0
"GET /admin/login/?next=/admin/ HTTP/1.1" 200 3068
"GET /admin/login/?next=/admin/ HTTP/1.1" 200 3068
Not Found: /.well-known/appspecific/com.chrome.devtools.json
Not Found: /.well-known/appspecific/com.chrome.devtools.json
"GET /.well-known/appspecific/com.chrome.devtools.json HTTP/1.1" 404 19351
"GET /.well-known/appspecific/com.chrome.devtools.json HTTP/1.1" 404 19351
"GET /static/vendor/adminlte/css/adminlte.min.css HTTP/1.1" 404 2035
"GET /static/vendor/adminlte/css/adminlte.min.css HTTP/1.1" 404 2035
"GET /static/vendor/fontawesome-free/css/all.min.css HTTP/1.1" 404 2044
"GET /static/vendor/fontawesome-free/css/all.min.css HTTP/1.1" 404 2044
"GET /static/jazzmin/css/main.css HTTP/1.1" 404 1987
"GET /static/vendor/adminlte/js/adminlte.min.js HTTP/1.1" 404 2029
"GET /static/jazzmin/css/main.css HTTP/1.1" 404 1987
"GET /static/vendor/adminlte/js/adminlte.min.js HTTP/1.1" 404 2029
"GET /static/True HTTP/1.1" 404 1939
"GET /static/True HTTP/1.1" 404 1939
"POST /admin/login/?next=/admin/ HTTP/1.1" 302 0
"POST /admin/login/?next=/admin/ HTTP/1.1" 302 0
"GET /admin/ HTTP/1.1" 200 20485
"GET /admin/ HTTP/1.1" 200 20485
Forbidden (CSRF token from POST incorrect.): /admin/login/
Forbidden (CSRF token from POST incorrect.): /admin/login/
"POST /admin/login/?next=/admin/ HTTP/1.1" 403 2504
"POST /admin/login/?next=/admin/ HTTP/1.1" 403 2504
Not Found: /.well-known/appspecific/com.chrome.devtools.json
Not Found: /.well-known/appspecific/com.chrome.devtools.json
"GET /.well-known/appspecific/com.chrome.devtools.json HTTP/1.1" 404 19351
"GET /.well-known/appspecific/com.chrome.devtools.json HTTP/1.1" 404 19351
"GET /admin/login/?next=/admin/ HTTP/1.1" 302 0
"GET /admin/login/?next=/admin/ HTTP/1.1" 302 0
"GET /admin/ HTTP/1.1" 200 20485
"GET /admin/ HTTP/1.1" 200 20485
"GET /static/admin/css/base.css HTTP/1.1" 200 22120
"GET /static/admin/css/base.css HTTP/1.1" 200 22120
"GET /static/admin/css/dark_mode.css HTTP/1.1" 200 2808
"GET /static/admin/css/dark_mode.css HTTP/1.1" 200 2808
"GET /static/admin/css/nav_sidebar.css HTTP/1.1" 200 2810
"GET /static/admin/css/dashboard.css HTTP/1.1" 200 441
"GET /static/admin/css/nav_sidebar.css HTTP/1.1" 200 2810
"GET /static/admin/css/dashboard.css HTTP/1.1" 200 441
"GET /static/admin/js/theme.js HTTP/1.1" 200 1653
"GET /static/admin/js/theme.js HTTP/1.1" 200 1653
"GET /static/admin/css/responsive.css HTTP/1.1" 200 16565
"GET /static/admin/css/responsive.css HTTP/1.1" 200 16565
"GET /static/admin/js/nav_sidebar.js HTTP/1.1" 200 3063
"GET /static/admin/js/nav_sidebar.js HTTP/1.1" 200 3063
"GET /static/admin/img/icon-addlink.svg HTTP/1.1" 200 331
"GET /static/admin/img/icon-deletelink.svg HTTP/1.1" 200 392
"GET /static/admin/img/icon-changelink.svg HTTP/1.1" 200 380
"GET /static/admin/img/icon-addlink.svg HTTP/1.1" 200 331
"GET /static/admin/img/icon-deletelink.svg HTTP/1.1" 200 392
"GET /static/admin/img/icon-changelink.svg HTTP/1.1" 200 380
"GET /admin/usuarios/depoimento/ HTTP/1.1" 200 15347
"GET /admin/usuarios/depoimento/ HTTP/1.1" 200 15347
"GET /static/admin/css/changelists.css HTTP/1.1" 200 6878
"GET /static/admin/css/changelists.css HTTP/1.1" 200 6878
"GET /static/admin/js/jquery.init.js HTTP/1.1" 200 347
"GET /static/admin/js/core.js HTTP/1.1" 200 6208
"GET /static/admin/js/admin/RelatedObjectLookups.js HTTP/1.1" 200 9777
"GET /static/admin/js/jquery.init.js HTTP/1.1" 200 347
"GET /static/admin/js/core.js HTTP/1.1" 200 6208
"GET /static/admin/js/admin/RelatedObjectLookups.js HTTP/1.1" 200 9777
"GET /static/admin/js/actions.js HTTP/1.1" 200 8076
"GET /static/admin/js/urlify.js HTTP/1.1" 200 7887
"GET /static/admin/js/actions.js HTTP/1.1" 200 8076
"GET /static/admin/js/urlify.js HTTP/1.1" 200 7887
"GET /static/admin/js/prepopulate.js HTTP/1.1" 200 1531
"GET /static/admin/js/prepopulate.js HTTP/1.1" 200 1531
"GET /static/admin/js/vendor/xregexp/xregexp.js HTTP/1.1" 200 325171
"GET /static/admin/js/vendor/xregexp/xregexp.js HTTP/1.1" 200 325171
"GET /static/admin/js/filters.js HTTP/1.1" 200 978
"GET /static/admin/js/filters.js HTTP/1.1" 200 978
"GET /admin/jsi18n/ HTTP/1.1" 200 8158
"GET /admin/jsi18n/ HTTP/1.1" 200 8158
"GET /static/admin/img/tooltag-add.svg HTTP/1.1" 200 331
"GET /static/admin/img/tooltag-add.svg HTTP/1.1" 200 331
"GET /admin/usuarios/depoimento/add/ HTTP/1.1" 200 19580
"GET /admin/usuarios/depoimento/add/ HTTP/1.1" 200 19580
"GET /static/admin/css/forms.css HTTP/1.1" 200 8525
"GET /static/admin/css/forms.css HTTP/1.1" 200 8525
"GET /static/admin/js/prepopulate_init.js HTTP/1.1" 200 586
"GET /static/admin/js/prepopulate_init.js HTTP/1.1" 200 586
"GET /static/admin/css/widgets.css HTTP/1.1" 200 11991
"GET /static/admin/css/widgets.css HTTP/1.1" 200 11991
"GET /static/admin/img/icon-viewlink.svg HTTP/1.1" 200 581
"GET /static/admin/img/icon-viewlink.svg HTTP/1.1" 200 581
"GET /static/admin/js/change_form.js HTTP/1.1" 200 606
"GET /static/admin/js/change_form.js HTTP/1.1" 200 606
"GET /admin/jsi18n/ HTTP/1.1" 200 8158
"GET /admin/jsi18n/ HTTP/1.1" 200 8158
"POST /admin/usuarios/depoimento/add/ HTTP/1.1" 302 0
"POST /admin/usuarios/depoimento/add/ HTTP/1.1" 302 0
"GET /admin/usuarios/depoimento/ HTTP/1.1" 200 16950
"GET /admin/usuarios/depoimento/ HTTP/1.1" 200 16950
"GET /admin/jsi18n/ HTTP/1.1" 200 8158
"GET /admin/jsi18n/ HTTP/1.1" 200 8158
"GET /static/admin/img/icon-yes.svg HTTP/1.1" 200 436
"GET /static/admin/img/icon-yes.svg HTTP/1.1" 200 436
"GET / HTTP/1.1" 200 44163
"GET / HTTP/1.1" 200 44163
"GET /static/css/home.css HTTP/1.1" 304 0
"GET /static/css/home.css HTTP/1.1" 304 0
Not Found: /assets/image/stethoscope.png
Not Found: /assets/image/stethoscope.png
"GET /assets/image/stethoscope.png HTTP/1.1" 404 19291
"GET /assets/image/stethoscope.png HTTP/1.1" 404 19291
"GET /media/images/unknown.png HTTP/1.1" 200 6375
"GET /media/images/unknown.png HTTP/1.1" 200 6375
"GET /media/images/242eb692-aab3-4406-8800-d757aa47f9d0.jpg HTTP/1.1" 200 100267
"GET /media/images/242eb692-aab3-4406-8800-d757aa47f9d0.jpg HTTP/1.1" 200 100267
Not Found: /assets/image/money-flow (1).png
Not Found: /assets/image/money-flow (1).png
"GET /assets/image/money-flow%20(1).png HTTP/1.1" 404 19302
"GET /assets/image/money-flow%20(1).png HTTP/1.1" 404 19302
Not Found: /assets/image/agreement (1).png
Not Found: /assets/image/agreement (1).png
"GET /assets/image/agreement%20(1).png HTTP/1.1" 404 19299
"GET /assets/image/agreement%20(1).png HTTP/1.1" 404 19299
Not Found: /assets/image/freedom (2).png
Not Found: /assets/image/freedom (2).png
"GET /assets/image/freedom%20(2).png HTTP/1.1" 404 19293
"GET /assets/image/freedom%20(2).png HTTP/1.1" 404 19293
"GET /admin HTTP/1.1" 301 0
"GET /admin HTTP/1.1" 301 0
"GET /admin/ HTTP/1.1" 200 20500
"GET /admin/ HTTP/1.1" 200 20500
"GET /admin/usuarios/depoimento/ HTTP/1.1" 200 16715
"GET /admin/usuarios/depoimento/ HTTP/1.1" 200 16715
"GET /admin/jsi18n/ HTTP/1.1" 200 8158
"GET /admin/jsi18n/ HTTP/1.1" 200 8158
"GET /admin/usuarios/depoimento/add/ HTTP/1.1" 200 19580
"GET /admin/usuarios/depoimento/add/ HTTP/1.1" 200 19580
"GET /admin/jsi18n/ HTTP/1.1" 200 8158
"GET /admin/jsi18n/ HTTP/1.1" 200 8158
"POST /admin/usuarios/depoimento/add/ HTTP/1.1" 302 0
"POST /admin/usuarios/depoimento/add/ HTTP/1.1" 302 0
"GET /admin/usuarios/depoimento/ HTTP/1.1" 200 17225
"GET /admin/usuarios/depoimento/ HTTP/1.1" 200 17225
"GET /admin/jsi18n/ HTTP/1.1" 200 8158
"GET /admin/jsi18n/ HTTP/1.1" 200 8158
"GET /admin/usuarios/depoimento/add/ HTTP/1.1" 200 19580
"GET /admin/usuarios/depoimento/add/ HTTP/1.1" 200 19580
"GET /admin/jsi18n/ HTTP/1.1" 200 8158
"GET /admin/jsi18n/ HTTP/1.1" 200 8158
"POST /admin/usuarios/depoimento/add/ HTTP/1.1" 302 0
"POST /admin/usuarios/depoimento/add/ HTTP/1.1" 302 0
"GET /admin/usuarios/depoimento/ HTTP/1.1" 200 17539
"GET /admin/usuarios/depoimento/ HTTP/1.1" 200 17539
"GET /admin/jsi18n/ HTTP/1.1" 200 8158
"GET /admin/jsi18n/ HTTP/1.1" 200 8158
"GET /admin/usuarios/depoimento/add/ HTTP/1.1" 200 19580
"GET /admin/usuarios/depoimento/add/ HTTP/1.1" 200 19580
"GET /admin/jsi18n/ HTTP/1.1" 200 8158
"GET /admin/jsi18n/ HTTP/1.1" 200 8158
"POST /admin/usuarios/depoimento/add/ HTTP/1.1" 302 0
"POST /admin/usuarios/depoimento/add/ HTTP/1.1" 302 0
"GET /admin/usuarios/depoimento/ HTTP/1.1" 200 17821
"GET /admin/usuarios/depoimento/ HTTP/1.1" 200 17821
"GET /admin/jsi18n/ HTTP/1.1" 200 8158
"GET /admin/jsi18n/ HTTP/1.1" 200 8158
"GET / HTTP/1.1" 200 50071
"GET / HTTP/1.1" 200 50071
Not Found: /assets/image/freedom (2).png
Not Found: /assets/image/freedom (2).png
"GET /assets/image/freedom%20(2).png HTTP/1.1" 404 19293
"GET /assets/image/freedom%20(2).png HTTP/1.1" 404 19293
Not Found: /assets/image/stethoscope.png
Not Found: /assets/image/stethoscope.png
"GET /assets/image/stethoscope.png HTTP/1.1" 404 19291
"GET /assets/image/stethoscope.png HTTP/1.1" 404 19291
Not Found: /assets/image/money-flow (1).png
Not Found: /assets/image/money-flow (1).png
"GET /assets/image/money-flow%20(1).png HTTP/1.1" 404 19302
"GET /assets/image/money-flow%20(1).png HTTP/1.1" 404 19302
"GET /media/images/487120051_627720486703809_4763095675077596185_n_2.jpg HTTP/1.1" 200 130689
"GET /media/images/487120051_627720486703809_4763095675077596185_n_2.jpg HTTP/1.1" 200 130689
Not Found: /assets/image/agreement (1).png
Not Found: /assets/image/agreement (1).png
"GET /assets/image/agreement%20(1).png HTTP/1.1" 404 19299
"GET /assets/image/agreement%20(1).png HTTP/1.1" 404 19299
Not Found: /.well-known/appspecific/com.chrome.devtools.json
Not Found: /.well-known/appspecific/com.chrome.devtools.json
"GET /.well-known/appspecific/com.chrome.devtools.json HTTP/1.1" 404 19351
"GET /.well-known/appspecific/com.chrome.devtools.json HTTP/1.1" 404 19351
"GET / HTTP/1.1" 200 50093
"GET / HTTP/1.1" 200 50093
Not Found: /.well-known/appspecific/com.chrome.devtools.json
Not Found: /.well-known/appspecific/com.chrome.devtools.json
"GET /.well-known/appspecific/com.chrome.devtools.json HTTP/1.1" 404 19351
"GET /.well-known/appspecific/com.chrome.devtools.json HTTP/1.1" 404 19351
Not Found: /assets/image/stethoscope.png
Not Found: /assets/image/stethoscope.png
"GET /assets/image/stethoscope.png HTTP/1.1" 404 19291
"GET /assets/image/stethoscope.png HTTP/1.1" 404 19291
Not Found: /assets/image/money-flow (1).png
Not Found: /assets/image/money-flow (1).png
"GET /assets/image/money-flow%20(1).png HTTP/1.1" 404 19302
"GET /assets/image/money-flow%20(1).png HTTP/1.1" 404 19302
Not Found: /assets/image/freedom (2).png
Not Found: /assets/image/freedom (2).png
"GET /assets/image/freedom%20(2).png HTTP/1.1" 404 19293
"GET /assets/image/freedom%20(2).png HTTP/1.1" 404 19293
Not Found: /assets/image/agreement (1).png
Not Found: /assets/image/agreement (1).png
"GET /assets/image/agreement%20(1).png HTTP/1.1" 404 19299
"GET /assets/image/agreement%20(1).png HTTP/1.1" 404 19299
Method Not Allowed (GET): /sair/
Method Not Allowed (GET): /sair/
"GET /sair/ HTTP/1.1" 405 0
"GET /sair/ HTTP/1.1" 405 0
"GET /static/css/home.css HTTP/1.1" 304 0
"GET /static/css/home.css HTTP/1.1" 304 0
Not Found: /.well-known/appspecific/com.chrome.devtools.json
Not Found: /.well-known/appspecific/com.chrome.devtools.json
"GET /.well-known/appspecific/com.chrome.devtools.json HTTP/1.1" 404 19351
"GET /.well-known/appspecific/com.chrome.devtools.json HTTP/1.1" 404 19351
Not Found: /.well-known/appspecific/com.chrome.devtools.json
Not Found: /.well-known/appspecific/com.chrome.devtools.json
"GET /.well-known/appspecific/com.chrome.devtools.json HTTP/1.1" 404 19351
"GET /.well-known/appspecific/com.chrome.devtools.json HTTP/1.1" 404 19351
"GET /contato/ HTTP/1.1" 200 51042
"GET /contato/ HTTP/1.1" 200 51042
Not Found: /.well-known/appspecific/com.chrome.devtools.json
Not Found: /.well-known/appspecific/com.chrome.devtools.json
"GET /.well-known/appspecific/com.chrome.devtools.json HTTP/1.1" 404 19351
"GET /.well-known/appspecific/com.chrome.devtools.json HTTP/1.1" 404 19351
"GET /sobre/ HTTP/1.1" 200 31810
"GET /sobre/ HTTP/1.1" 200 31810
Not Found: /.well-known/appspecific/com.chrome.devtools.json
Not Found: /.well-known/appspecific/com.chrome.devtools.json
"GET /.well-known/appspecific/com.chrome.devtools.json HTTP/1.1" 404 19351
"GET /.well-known/appspecific/com.chrome.devtools.json HTTP/1.1" 404 19351
"GET / HTTP/1.1" 200 50067
"GET / HTTP/1.1" 200 50067
Not Found: /.well-known/appspecific/com.chrome.devtools.json
Not Found: /.well-known/appspecific/com.chrome.devtools.json
"GET /.well-known/appspecific/com.chrome.devtools.json HTTP/1.1" 404 19351
"GET /.well-known/appspecific/com.chrome.devtools.json HTTP/1.1" 404 19351
Not Found: /assets/image/stethoscope.png
Not Found: /assets/image/stethoscope.png
"GET /assets/image/stethoscope.png HTTP/1.1" 404 19291
"GET /assets/image/stethoscope.png HTTP/1.1" 404 19291
Not Found: /assets/image/money-flow (1).png
Not Found: /assets/image/money-flow (1).png
"GET /assets/image/money-flow%20(1).png HTTP/1.1" 404 19302
"GET /assets/image/money-flow%20(1).png HTTP/1.1" 404 19302
Not Found: /assets/image/freedom (2).png
Not Found: /assets/image/freedom (2).png
"GET /assets/image/freedom%20(2).png HTTP/1.1" 404 19293
"GET /assets/image/freedom%20(2).png HTTP/1.1" 404 19293
Not Found: /assets/image/agreement (1).png
Not Found: /assets/image/agreement (1).png
"GET /assets/image/agreement%20(1).png HTTP/1.1" 404 19299
"GET /assets/image/agreement%20(1).png HTTP/1.1" 404 19299
"GET /pesquisar/M%C3%A9dico/ HTTP/1.1" 200 27427
"GET /pesquisar/M%C3%A9dico/ HTTP/1.1" 200 27427
Not Found: /.well-known/appspecific/com.chrome.devtools.json
Not Found: /.well-known/appspecific/com.chrome.devtools.json
"GET /.well-known/appspecific/com.chrome.devtools.json HTTP/1.1" 404 19351
"GET /.well-known/appspecific/com.chrome.devtools.json HTTP/1.1" 404 19351
"GET /buscar_especialidades/?tipo_profissional=M%C3%A9dico HTTP/1.1" 200 73
"GET /buscar_especialidades/?tipo_profissional=M%C3%A9dico HTTP/1.1" 200 73
"GET /buscar_estados/?tipo_profissional=M%C3%A9dico&especialidade=Anestesiologista HTTP/1.1" 200 19
"GET /buscar_estados/?tipo_profissional=M%C3%A9dico&especialidade=Anestesiologista HTTP/1.1" 200 19
"GET /get_cities/?estado=ES&tipo_profissional=M%C3%A9dico&especialidade=Anestesiologista HTTP/1.1" 200 39
"GET /get_cities/?estado=ES&tipo_profissional=M%C3%A9dico&especialidade=Anestesiologista HTTP/1.1" 200 39
"GET /profissionais?tipo_profissional=M%C3%A9dico&estado=ES&especialidade=Anestesiologista&cidade=Vit%C3%B3ria HTTP/1.1" 301 0
"GET /profissionais?tipo_profissional=M%C3%A9dico&estado=ES&especialidade=Anestesiologista&cidade=Vit%C3%B3ria HTTP/1.1" 301 0
"GET /profissionais/?tipo_profissional=M%C3%A9dico&estado=ES&especialidade=Anestesiologista&cidade=Vit%C3%B3ria HTTP/1.1" 200 40752
"GET /profissionais/?tipo_profissional=M%C3%A9dico&estado=ES&especialidade=Anestesiologista&cidade=Vit%C3%B3ria HTTP/1.1" 200 40752
"GET /profissionais/?tipo_profissional=M%C3%A9dico&estado=ES&especialidade=Anestesiologista&cidade=Vit%C3%B3ria HTTP/1.1" 200 40752
"GET /profissionais/?tipo_profissional=M%C3%A9dico&estado=ES&especialidade=Anestesiologista&cidade=Vit%C3%B3ria HTTP/1.1" 200 40752
Not Found: /.well-known/appspecific/com.chrome.devtools.json
Not Found: /.well-known/appspecific/com.chrome.devtools.json
"GET /.well-known/appspecific/com.chrome.devtools.json HTTP/1.1" 404 19351
"GET /.well-known/appspecific/com.chrome.devtools.json HTTP/1.1" 404 19351
"GET /buscar_convenios_por_tipo_profissional/?tipo_profissional=M%C3%A9dico&estado=ES&especialidade=Anestesiologista&cidade=Vit%C3%B3ria HTTP/1.1" 200 48
"GET /buscar_convenios_por_tipo_profissional/?tipo_profissional=M%C3%A9dico&estado=ES&especialidade=Anestesiologista&cidade=Vit%C3%B3ria HTTP/1.1" 200 48
"GET / HTTP/1.1" 200 50071
"GET / HTTP/1.1" 200 50071
Not Found: /.well-known/appspecific/com.chrome.devtools.json
Not Found: /.well-known/appspecific/com.chrome.devtools.json
"GET /.well-known/appspecific/com.chrome.devtools.json HTTP/1.1" 404 19351
"GET /.well-known/appspecific/com.chrome.devtools.json HTTP/1.1" 404 19351
Not Found: /assets/image/stethoscope.png
Not Found: /assets/image/stethoscope.png
"GET /assets/image/stethoscope.png HTTP/1.1" 404 19291
"GET /assets/image/stethoscope.png HTTP/1.1" 404 19291
Not Found: /assets/image/money-flow (1).png
Not Found: /assets/image/money-flow (1).png
"GET /assets/image/money-flow%20(1).png HTTP/1.1" 404 19302
"GET /assets/image/money-flow%20(1).png HTTP/1.1" 404 19302
Not Found: /assets/image/agreement (1).png
Not Found: /assets/image/agreement (1).png
"GET /assets/image/agreement%20(1).png HTTP/1.1" 404 19299
"GET /assets/image/agreement%20(1).png HTTP/1.1" 404 19299
Not Found: /assets/image/freedom (2).png
Not Found: /assets/image/freedom (2).png
"GET /assets/image/freedom%20(2).png HTTP/1.1" 404 19293
"GET /assets/image/freedom%20(2).png HTTP/1.1" 404 19293
"GET /admin/ HTTP/1.1" 200 20491
"GET /admin/ HTTP/1.1" 200 20491
Not Found: /.well-known/appspecific/com.chrome.devtools.json
Not Found: /.well-known/appspecific/com.chrome.devtools.json
"GET /.well-known/appspecific/com.chrome.devtools.json HTTP/1.1" 404 19351
"GET /.well-known/appspecific/com.chrome.devtools.json HTTP/1.1" 404 19351
"GET /static/css/home.css HTTP/1.1" 304 0
"GET /static/css/home.css HTTP/1.1" 304 0
Not Found: /.well-known/appspecific/com.chrome.devtools.json
Not Found: /.well-known/appspecific/com.chrome.devtools.json
"GET /.well-known/appspecific/com.chrome.devtools.json HTTP/1.1" 404 19351
"GET /.well-known/appspecific/com.chrome.devtools.json HTTP/1.1" 404 19351
Not Found: /.well-known/appspecific/com.chrome.devtools.json
Not Found: /.well-known/appspecific/com.chrome.devtools.json
"GET /.well-known/appspecific/com.chrome.devtools.json HTTP/1.1" 404 19351
"GET /.well-known/appspecific/com.chrome.devtools.json HTTP/1.1" 404 19351
"GET /admin/ HTTP/1.1" 200 20491
"GET /admin/ HTTP/1.1" 200 20491
"GET /static/admin/css/base.css HTTP/1.1" 200 22120
"GET /static/admin/css/base.css HTTP/1.1" 200 22120
"GET /static/admin/css/nav_sidebar.css HTTP/1.1" 200 2810
"GET /static/admin/css/dark_mode.css HTTP/1.1" 200 2808
"GET /static/admin/css/nav_sidebar.css HTTP/1.1" 200 2810
"GET /static/admin/css/dark_mode.css HTTP/1.1" 200 2808
"GET /static/admin/css/dashboard.css HTTP/1.1" 200 441
"GET /static/admin/css/dashboard.css HTTP/1.1" 200 441
"GET /static/admin/css/responsive.css HTTP/1.1" 200 16565
"GET /static/admin/css/responsive.css HTTP/1.1" 200 16565
"GET /static/admin/js/theme.js HTTP/1.1" 200 1653
"GET /static/admin/js/theme.js HTTP/1.1" 200 1653
"GET /static/admin/js/nav_sidebar.js HTTP/1.1" 200 3063
"GET /static/admin/js/nav_sidebar.js HTTP/1.1" 200 3063
"GET /static/admin/img/icon-addlink.svg HTTP/1.1" 200 331
"GET /static/admin/img/icon-deletelink.svg HTTP/1.1" 200 392
"GET /static/admin/img/icon-addlink.svg HTTP/1.1" 200 331
"GET /static/admin/img/icon-changelink.svg HTTP/1.1" 200 380
"GET /static/admin/img/icon-deletelink.svg HTTP/1.1" 200 392
"GET /static/admin/img/icon-changelink.svg HTTP/1.1" 200 380
Watching for file changes with StatReloader
Watching for file changes with StatReloader
"GET / HTTP/1.1" 200 50105
"GET / HTTP/1.1" 200 50105
Not Found: /.well-known/appspecific/com.chrome.devtools.json
Not Found: /.well-known/appspecific/com.chrome.devtools.json
"GET /.well-known/appspecific/com.chrome.devtools.json HTTP/1.1" 404 19351
"GET /.well-known/appspecific/com.chrome.devtools.json HTTP/1.1" 404 19351
"GET /static/img/cuidado-dental.svg HTTP/1.1" 200 2025
"GET /static/img/menu-button-of-three-horizontal-lines.png HTTP/1.1" 200 16349
"GET /static/css/home.css HTTP/1.1" 200 35414
"GET /static/img/cuidado-dental.svg HTTP/1.1" 200 2025
"GET /static/img/menu-button-of-three-horizontal-lines.png HTTP/1.1" 200 16349
"GET /static/css/home.css HTTP/1.1" 200 35414
"GET /static/img/estetoscopio-instrumento-medico-1.svg HTTP/1.1" 200 1752
"GET /static/img/estetoscopio-instrumento-medico-1.svg HTTP/1.1" 200 1752
"GET /static/img/saudebras-logo.png HTTP/1.1" 200 75470
"GET /static/img/saudebras-logo.png HTTP/1.1" 200 75470
"GET /static/img/diagnostico.svg HTTP/1.1" 200 1896
"GET /static/img/diagnostico.svg HTTP/1.1" 200 1896
"GET /static/js/base.js HTTP/1.1" 200 1575
"GET /static/js/base.js HTTP/1.1" 200 1575
"GET /static/img/ambulancia.svg HTTP/1.1" 200 1570
"GET /static/img/ambulancia.svg HTTP/1.1" 200 1570
"GET /static/img/medicos%20ia.png HTTP/1.1" 200 1899831
"GET /static/img/medicos%20ia.png HTTP/1.1" 200 1899831
Not Found: /assets/image/agreement (1).png
Not Found: /assets/image/agreement (1).png
"GET /assets/image/agreement%20(1).png HTTP/1.1" 404 19299
"GET /assets/image/agreement%20(1).png HTTP/1.1" 404 19299
"GET /media/images/unknown.png HTTP/1.1" 200 6375
"GET /media/images/unknown.png HTTP/1.1" 200 6375
"GET /media/images/487120051_627720486703809_4763095675077596185_n_2.jpg HTTP/1.1" 200 130689
"GET /media/images/487120051_627720486703809_4763095675077596185_n_2.jpg HTTP/1.1" 200 130689
"GET /static/fonts/HUMNST777_CN_BT_BOLD.TTF HTTP/1.1" 200 40296
"GET /static/fonts/DaxBold.ttf HTTP/1.1" 200 53012
"GET /static/fonts/HUMNST777_CN_BT_BOLD.TTF HTTP/1.1" 200 40296
"GET /static/fonts/DaxBold.ttf HTTP/1.1" 200 53012
"GET /static/fonts/DaxlinePro-Regular_13131.ttf HTTP/1.1" 200 199688
"GET /static/fonts/DaxlinePro-Regular_13131.ttf HTTP/1.1" 200 199688
"GET /static/fonts/DaxlinePro-Bold_13127.ttf HTTP/1.1" 200 201116
"GET /static/fonts/DaxlinePro-Bold_13127.ttf HTTP/1.1" 200 201116
"GET /static/img/saudebrasBranco.png HTTP/1.1" 200 24129
"GET /static/img/saudebrasBranco.png HTTP/1.1" 200 24129
"GET /static/fonts/ARIAL.woff HTTP/1.1" 200 525872
"GET /static/fonts/ARIAL.woff HTTP/1.1" 200 525872
Not Found: /assets/image/money-flow (1).png
Not Found: /assets/image/money-flow (1).png
"GET /assets/image/money-flow%20(1).png HTTP/1.1" 404 19302
"GET /assets/image/money-flow%20(1).png HTTP/1.1" 404 19302
Not Found: /assets/image/freedom (2).png
Not Found: /assets/image/freedom (2).png
"GET /assets/image/freedom%20(2).png HTTP/1.1" 404 19293
"GET /assets/image/freedom%20(2).png HTTP/1.1" 404 19293
Not Found: /assets/image/stethoscope.png
Not Found: /assets/image/stethoscope.png
"GET /assets/image/stethoscope.png HTTP/1.1" 404 19291
"GET /assets/image/stethoscope.png HTTP/1.1" 404 19291
"GET /media/images/242eb692-aab3-4406-8800-d757aa47f9d0.jpg HTTP/1.1" 200 100267
"GET /media/images/242eb692-aab3-4406-8800-d757aa47f9d0.jpg HTTP/1.1" 200 100267
Not Found: /favicon.ico
Not Found: /favicon.ico
"GET /favicon.ico HTTP/1.1" 404 19240
"GET /favicon.ico HTTP/1.1" 404 19240
"GET / HTTP/1.1" 200 50035
"GET / HTTP/1.1" 200 50035
"GET /static/css/home.css HTTP/1.1" 200 35414
"GET /static/css/home.css HTTP/1.1" 200 35414
"GET /static/img/menu-button-of-three-horizontal-lines.png HTTP/1.1" 200 16349
"GET /static/img/menu-button-of-three-horizontal-lines.png HTTP/1.1" 200 16349
"GET /static/img/estetoscopio-instrumento-medico-1.svg HTTP/1.1" 200 1752
"GET /static/img/estetoscopio-instrumento-medico-1.svg HTTP/1.1" 200 1752
"GET /static/img/cuidado-dental.svg HTTP/1.1" 200 2025
"GET /static/img/cuidado-dental.svg HTTP/1.1" 200 2025
"GET /static/img/diagnostico.svg HTTP/1.1" 200 1896
"GET /static/img/diagnostico.svg HTTP/1.1" 200 1896
"GET /static/img/saudebras-logo.png HTTP/1.1" 200 75470
"GET /static/img/saudebras-logo.png HTTP/1.1" 200 75470
"GET /static/js/base.js HTTP/1.1" 200 1575
"GET /static/js/base.js HTTP/1.1" 200 1575
"GET /static/img/ambulancia.svg HTTP/1.1" 200 1570
"GET /static/img/ambulancia.svg HTTP/1.1" 200 1570
"GET /static/img/medicos%20ia.png HTTP/1.1" 200 1899831
"GET /static/img/medicos%20ia.png HTTP/1.1" 200 1899831
Not Found: /assets/image/stethoscope.png
Not Found: /assets/image/stethoscope.png
"GET /assets/image/stethoscope.png HTTP/1.1" 404 19291
"GET /assets/image/stethoscope.png HTTP/1.1" 404 19291
Not Found: /assets/image/money-flow (1).png
Not Found: /assets/image/money-flow (1).png
Not Found: /assets/image/freedom (2).png
"GET /assets/image/money-flow%20(1).png HTTP/1.1" 404 19302
Not Found: /assets/image/freedom (2).png
"GET /assets/image/money-flow%20(1).png HTTP/1.1" 404 19302
"GET /assets/image/freedom%20(2).png HTTP/1.1" 404 19293
"GET /assets/image/freedom%20(2).png HTTP/1.1" 404 19293
Not Found: /assets/image/agreement (1).png
Not Found: /assets/image/agreement (1).png
"GET /assets/image/agreement%20(1).png HTTP/1.1" 404 19299
"GET /assets/image/agreement%20(1).png HTTP/1.1" 404 19299
"GET /static/img/saudebrasBranco.png HTTP/1.1" 200 24129
"GET /static/img/saudebrasBranco.png HTTP/1.1" 200 24129
"GET /static/fonts/DaxBold.ttf HTTP/1.1" 200 53012
"GET /static/fonts/DaxBold.ttf HTTP/1.1" 200 53012
"GET /static/fonts/DaxlinePro-Bold_13127.ttf HTTP/1.1" 200 201116
"GET /static/fonts/DaxlinePro-Bold_13127.ttf HTTP/1.1" 200 201116
"GET /static/fonts/HUMNST777_CN_BT_BOLD.TTF HTTP/1.1" 200 40296
"GET /static/fonts/HUMNST777_CN_BT_BOLD.TTF HTTP/1.1" 200 40296
"GET /static/fonts/ARIAL.woff HTTP/1.1" 200 525872
"GET /static/fonts/ARIAL.woff HTTP/1.1" 200 525872
"GET /static/fonts/DaxlinePro-Regular_13131.ttf HTTP/1.1" 200 199688
"GET /static/fonts/DaxlinePro-Regular_13131.ttf HTTP/1.1" 200 199688
"GET /media/images/unknown.png HTTP/1.1" 200 6375
"GET /media/images/unknown.png HTTP/1.1" 200 6375
"GET /media/images/242eb692-aab3-4406-8800-d757aa47f9d0.jpg HTTP/1.1" 200 100267
"GET /media/images/242eb692-aab3-4406-8800-d757aa47f9d0.jpg HTTP/1.1" 200 100267
"GET /media/images/487120051_627720486703809_4763095675077596185_n_2.jpg HTTP/1.1" 200 130689
"GET /media/images/487120051_627720486703809_4763095675077596185_n_2.jpg HTTP/1.1" 200 130689
Not Found: /favicon.ico
Not Found: /favicon.ico
"GET /favicon.ico HTTP/1.1" 404 19240
"GET /favicon.ico HTTP/1.1" 404 19240
"GET /admin/ HTTP/1.1" 200 20491
"GET /admin/ HTTP/1.1" 200 20491
"POST /admin/logout/ HTTP/1.1" 302 0
"POST /admin/logout/ HTTP/1.1" 302 0
"GET / HTTP/1.1" 200 52005
"GET / HTTP/1.1" 200 52005
Not Found: /assets/image/stethoscope.png
Not Found: /assets/image/stethoscope.png
Not Found: /assets/image/money-flow (1).png
Not Found: /assets/image/freedom (2).png
Not Found: /assets/image/money-flow (1).png
Not Found: /assets/image/agreement (1).png
Not Found: /assets/image/freedom (2).png
"GET /assets/image/stethoscope.png HTTP/1.1" 404 19291
Not Found: /assets/image/agreement (1).png
"GET /assets/image/stethoscope.png HTTP/1.1" 404 19291
"GET /assets/image/money-flow%20(1).png HTTP/1.1" 404 19302
"GET /assets/image/freedom%20(2).png HTTP/1.1" 404 19293
"GET /assets/image/agreement%20(1).png HTTP/1.1" 404 19299
"GET /assets/image/money-flow%20(1).png HTTP/1.1" 404 19302
"GET /assets/image/freedom%20(2).png HTTP/1.1" 404 19293
"GET /assets/image/agreement%20(1).png HTTP/1.1" 404 19299
"GET /admin HTTP/1.1" 301 0
"GET /admin HTTP/1.1" 301 0
"GET /admin/ HTTP/1.1" 302 0
"GET /admin/ HTTP/1.1" 302 0
"GET /admin/login/?next=/admin/ HTTP/1.1" 200 12909
"GET /admin/login/?next=/admin/ HTTP/1.1" 200 12909
"POST /admin/login/?next=/admin/ HTTP/1.1" 302 0
"POST /admin/login/?next=/admin/ HTTP/1.1" 302 0
"GET /admin/ HTTP/1.1" 200 20491
"GET /admin/ HTTP/1.1" 200 20491
"GET /admin/login/?next=/admin/ HTTP/1.1" 302 0
"GET /admin/login/?next=/admin/ HTTP/1.1" 302 0
"GET /admin/ HTTP/1.1" 200 20491
"GET /admin/ HTTP/1.1" 200 20491
"GET / HTTP/1.1" 200 50062
"GET / HTTP/1.1" 200 50062
Not Found: /assets/image/agreement (1).png
Not Found: /assets/image/agreement (1).png
Not Found: /assets/image/stethoscope.png
Not Found: /assets/image/money-flow (1).png
"GET /assets/image/agreement%20(1).png HTTP/1.1" 404 19299
Not Found: /assets/image/stethoscope.png
Not Found: /assets/image/money-flow (1).png
"GET /assets/image/agreement%20(1).png HTTP/1.1" 404 19299
"GET /assets/image/stethoscope.png HTTP/1.1" 404 19291
"GET /assets/image/stethoscope.png HTTP/1.1" 404 19291
"GET /assets/image/money-flow%20(1).png HTTP/1.1" 404 19302
"GET /assets/image/money-flow%20(1).png HTTP/1.1" 404 19302
Not Found: /assets/image/freedom (2).png
Not Found: /assets/image/freedom (2).png
"GET /assets/image/freedom%20(2).png HTTP/1.1" 404 19293
"GET /assets/image/freedom%20(2).png HTTP/1.1" 404 19293
"GET /media/images/242eb692-aab3-4406-8800-d757aa47f9d0.jpg HTTP/1.1" 200 100267
"GET /media/images/242eb692-aab3-4406-8800-d757aa47f9d0.jpg HTTP/1.1" 200 100267
"GET /media/images/487120051_627720486703809_4763095675077596185_n_2.jpg HTTP/1.1" 200 130689
"GET /media/images/487120051_627720486703809_4763095675077596185_n_2.jpg HTTP/1.1" 200 130689
"GET /media/images/unknown.png HTTP/1.1" 200 6375
"GET /media/images/unknown.png HTTP/1.1" 200 6375
"GET /admin HTTP/1.1" 301 0
"GET /admin HTTP/1.1" 301 0
"GET /admin/ HTTP/1.1" 200 20491
"GET /admin/ HTTP/1.1" 200 20491
Watching for file changes with StatReloader
Watching for file changes with StatReloader
Watching for file changes with StatReloader
Watching for file changes with StatReloader
"GET / HTTP/1.1" 200 52090
"GET / HTTP/1.1" 200 52090
"GET /static/img/menu-button-of-three-horizontal-lines.png HTTP/1.1" 200 16349
"GET /static/img/menu-button-of-three-horizontal-lines.png HTTP/1.1" 200 16349
"GET /static/img/saudebras-logo.png HTTP/1.1" 200 75470
"GET /static/img/saudebras-logo.png HTTP/1.1" 200 75470
"GET /static/css/home.css HTTP/1.1" 200 35414
"GET /static/css/home.css HTTP/1.1" 200 35414
"GET /static/img/cuidado-dental.svg HTTP/1.1" 200 2025
"GET /static/img/cuidado-dental.svg HTTP/1.1" 200 2025
"GET /static/img/diagnostico.svg HTTP/1.1" 200 1896
"GET /static/img/diagnostico.svg HTTP/1.1" 200 1896
"GET /static/img/ambulancia.svg HTTP/1.1" 200 1570
"GET /static/img/ambulancia.svg HTTP/1.1" 200 1570
"GET /static/img/medicos%20ia.png HTTP/1.1" 200 1899831
"GET /static/img/medicos%20ia.png HTTP/1.1" 200 1899831
"GET /static/img/log-in.png HTTP/1.1" 200 16604
"GET /static/img/log-in.png HTTP/1.1" 200 16604
"GET /static/img/estetoscopio-instrumento-medico-1.svg HTTP/1.1" 200 1752
"GET /static/img/estetoscopio-instrumento-medico-1.svg HTTP/1.1" 200 1752
"GET /media/images/unknown.png HTTP/1.1" 200 6375
"GET /media/images/unknown.png HTTP/1.1" 200 6375
"GET /static/js/base.js HTTP/1.1" 200 1575
"GET /static/js/base.js HTTP/1.1" 200 1575
Not Found: /assets/image/money-flow (1).png
Not Found: /assets/image/freedom (2).png
Not Found: /assets/image/stethoscope.png
Not Found: /assets/image/agreement (1).png
Not Found: /assets/image/money-flow (1).png
Not Found: /assets/image/freedom (2).png
Not Found: /assets/image/stethoscope.png
Not Found: /assets/image/agreement (1).png
"GET /assets/image/freedom%20(2).png HTTP/1.1" 404 19293
"GET /assets/image/stethoscope.png HTTP/1.1" 404 19291
"GET /assets/image/money-flow%20(1).png HTTP/1.1" 404 19302
"GET /assets/image/agreement%20(1).png HTTP/1.1" 404 19299
"GET /assets/image/freedom%20(2).png HTTP/1.1" 404 19293
"GET /assets/image/stethoscope.png HTTP/1.1" 404 19291
"GET /assets/image/money-flow%20(1).png HTTP/1.1" 404 19302
"GET /assets/image/agreement%20(1).png HTTP/1.1" 404 19299
"GET /media/images/487120051_627720486703809_4763095675077596185_n_2.jpg HTTP/1.1" 200 130689
"GET /media/images/487120051_627720486703809_4763095675077596185_n_2.jpg HTTP/1.1" 200 130689
"GET /media/images/242eb692-aab3-4406-8800-d757aa47f9d0.jpg HTTP/1.1" 200 100267
"GET /media/images/242eb692-aab3-4406-8800-d757aa47f9d0.jpg HTTP/1.1" 200 100267
"GET /static/img/saudebrasBranco.png HTTP/1.1" 200 24129
"GET /static/img/saudebrasBranco.png HTTP/1.1" 200 24129
"GET /static/fonts/HUMNST777_CN_BT_BOLD.TTF HTTP/1.1" 200 40296
"GET /static/fonts/HUMNST777_CN_BT_BOLD.TTF HTTP/1.1" 200 40296
"GET /static/fonts/DaxBold.ttf HTTP/1.1" 200 53012
"GET /static/fonts/DaxBold.ttf HTTP/1.1" 200 53012
"GET /static/fonts/DaxlinePro-Bold_13127.ttf HTTP/1.1" 200 201116
"GET /static/fonts/DaxlinePro-Bold_13127.ttf HTTP/1.1" 200 201116
"GET /static/fonts/DaxlinePro-Regular_13131.ttf HTTP/1.1" 200 199688
"GET /static/fonts/DaxlinePro-Regular_13131.ttf HTTP/1.1" 200 199688
"GET /static/fonts/ARIAL.woff HTTP/1.1" 200 525872
"GET /static/fonts/ARIAL.woff HTTP/1.1" 200 525872
Not Found: /favicon.ico
Not Found: /favicon.ico
"GET /favicon.ico HTTP/1.1" 404 19240
"GET /favicon.ico HTTP/1.1" 404 19240
"GET / HTTP/1.1" 200 52182
"GET / HTTP/1.1" 200 52182
Not Found: /assets/image/stethoscope.png
Not Found: /assets/image/freedom (2).png
Not Found: /assets/image/stethoscope.png
Not Found: /assets/image/freedom (2).png
"GET /assets/image/stethoscope.png HTTP/1.1" 404 19291
"GET /assets/image/freedom%20(2).png HTTP/1.1" 404 19293
"GET /assets/image/stethoscope.png HTTP/1.1" 404 19291
"GET /assets/image/freedom%20(2).png HTTP/1.1" 404 19293
Not Found: /assets/image/money-flow (1).png
Not Found: /assets/image/agreement (1).png
Not Found: /assets/image/money-flow (1).png
Not Found: /assets/image/agreement (1).png
"GET /assets/image/money-flow%20(1).png HTTP/1.1" 404 19302
"GET /assets/image/agreement%20(1).png HTTP/1.1" 404 19299
"GET /assets/image/money-flow%20(1).png HTTP/1.1" 404 19302
"GET /assets/image/agreement%20(1).png HTTP/1.1" 404 19299
"GET /login/ HTTP/1.1" 200 32474
"GET /login/ HTTP/1.1" 200 32474
"POST /login/ HTTP/1.1" 302 0
"POST /login/ HTTP/1.1" 302 0
"GET / HTTP/1.1" 200 51091
"GET / HTTP/1.1" 200 51091
Not Found: /assets/image/freedom (2).png
Not Found: /assets/image/freedom (2).png
"GET /assets/image/freedom%20(2).png HTTP/1.1" 404 19293
"GET /assets/image/freedom%20(2).png HTTP/1.1" 404 19293
Not Found: /assets/image/stethoscope.png
Not Found: /assets/image/stethoscope.png
"GET /assets/image/stethoscope.png HTTP/1.1" 404 19291
"GET /assets/image/stethoscope.png HTTP/1.1" 404 19291
Not Found: /assets/image/money-flow (1).png
Not Found: /assets/image/money-flow (1).png
"GET /assets/image/money-flow%20(1).png HTTP/1.1" 404 19302
"GET /assets/image/money-flow%20(1).png HTTP/1.1" 404 19302
Not Found: /assets/image/agreement (1).png
Not Found: /assets/image/agreement (1).png
"GET /assets/image/agreement%20(1).png HTTP/1.1" 404 19299
"GET /assets/image/agreement%20(1).png HTTP/1.1" 404 19299
"POST /sair/ HTTP/1.1" 302 0
"POST /sair/ HTTP/1.1" 302 0
"GET / HTTP/1.1" 200 52192
"GET / HTTP/1.1" 200 52192
Not Found: /assets/image/stethoscope.png
Not Found: /assets/image/freedom (2).png
Not Found: /assets/image/stethoscope.png
Not Found: /assets/image/agreement (1).png
Not Found: /assets/image/freedom (2).png
Not Found: /assets/image/agreement (1).png
Not Found: /assets/image/money-flow (1).png
"GET /assets/image/stethoscope.png HTTP/1.1" 404 19291
"GET /assets/image/freedom%20(2).png HTTP/1.1" 404 19293
"GET /assets/image/agreement%20(1).png HTTP/1.1" 404 19299
Not Found: /assets/image/money-flow (1).png
"GET /assets/image/stethoscope.png HTTP/1.1" 404 19291
"GET /assets/image/money-flow%20(1).png HTTP/1.1" 404 19302
"GET /assets/image/freedom%20(2).png HTTP/1.1" 404 19293
"GET /assets/image/agreement%20(1).png HTTP/1.1" 404 19299
"GET /assets/image/money-flow%20(1).png HTTP/1.1" 404 19302
"GET /sobre/ HTTP/1.1" 200 33894
"GET /sobre/ HTTP/1.1" 200 33894
"GET /vantagens/ HTTP/1.1" 200 34186
"GET /vantagens/ HTTP/1.1" 200 34186
"GET /contato/ HTTP/1.1" 200 53126
"GET /contato/ HTTP/1.1" 200 53126
"GET /registrarProfissional/ HTTP/1.1" 200 167459
"GET /registrarProfissional/ HTTP/1.1" 200 167459
"GET /static/js/form.js HTTP/1.1" 200 4434
"GET /static/js/form.js HTTP/1.1" 200 4434
"GET /login/ HTTP/1.1" 200 32474
"GET /login/ HTTP/1.1" 200 32474
"GET /password_reset/ HTTP/1.1" 200 3122
"GET /password_reset/ HTTP/1.1" 200 3122
"GET /static/vendor/fontawesome-free/css/all.min.css HTTP/1.1" 404 2044
"GET /static/vendor/fontawesome-free/css/all.min.css HTTP/1.1" 404 2044
"GET /static/vendor/adminlte/css/adminlte.min.css HTTP/1.1" 404 2035
"GET /static/jazzmin/css/main.css HTTP/1.1" 404 1987
"GET /static/vendor/adminlte/js/adminlte.min.js HTTP/1.1" 404 2029
"GET /static/vendor/adminlte/css/adminlte.min.css HTTP/1.1" 404 2035
"GET /static/jazzmin/css/main.css HTTP/1.1" 404 1987
"GET /static/vendor/adminlte/js/adminlte.min.js HTTP/1.1" 404 2029
"GET /static/True HTTP/1.1" 404 1939
"GET /static/True HTTP/1.1" 404 1939
"GET /static/vendor/bootstrap/js/bootstrap.min.js HTTP/1.1" 200 60583
"GET /static/vendor/bootstrap/js/bootstrap.min.js HTTP/1.1" 200 60583
"GET /static/admin/js/vendor/jquery/jquery.js HTTP/1.1" 200 285314
"GET /static/admin/js/vendor/jquery/jquery.js HTTP/1.1" 200 285314
"GET /static/True HTTP/1.1" 404 1939
"GET /static/True HTTP/1.1" 404 1939
"GET / HTTP/1.1" 200 52146
"GET / HTTP/1.1" 200 52146
"GET /static/css/home.css HTTP/1.1" 200 35414
"GET /static/css/home.css HTTP/1.1" 200 35414
"GET /static/img/menu-button-of-three-horizontal-lines.png HTTP/1.1" 200 16349
"GET /static/img/log-in.png HTTP/1.1" 200 16604
"GET /static/img/estetoscopio-instrumento-medico-1.svg HTTP/1.1" 200 1752
"GET /static/img/menu-button-of-three-horizontal-lines.png HTTP/1.1" 200 16349
"GET /static/img/log-in.png HTTP/1.1" 200 16604
"GET /static/img/estetoscopio-instrumento-medico-1.svg HTTP/1.1" 200 1752
"GET /static/js/base.js HTTP/1.1" 200 1575
"GET /static/js/base.js HTTP/1.1" 200 1575
"GET /static/img/saudebras-logo.png HTTP/1.1" 200 75470
"GET /static/img/saudebras-logo.png HTTP/1.1" 200 75470
"GET /static/img/cuidado-dental.svg HTTP/1.1" 200 2025
"GET /static/img/cuidado-dental.svg HTTP/1.1" 200 2025
Not Found: /assets/image/freedom (2).png
Not Found: /assets/image/stethoscope.png
Not Found: /assets/image/freedom (2).png
Not Found: /assets/image/stethoscope.png
"GET /static/img/diagnostico.svg HTTP/1.1" 200 1896
"GET /assets/image/freedom%20(2).png HTTP/1.1" 404 19293
"GET /static/img/ambulancia.svg HTTP/1.1" 200 1570
"GET /assets/image/stethoscope.png HTTP/1.1" 404 19291
"GET /static/img/diagnostico.svg HTTP/1.1" 200 1896
"GET /assets/image/freedom%20(2).png HTTP/1.1" 404 19293
Not Found: /assets/image/agreement (1).png
"GET /static/img/ambulancia.svg HTTP/1.1" 200 1570
"GET /assets/image/stethoscope.png HTTP/1.1" 404 19291
Not Found: /assets/image/agreement (1).png
Not Found: /assets/image/money-flow (1).png
"GET /assets/image/agreement%20(1).png HTTP/1.1" 404 19299
Not Found: /assets/image/money-flow (1).png
"GET /assets/image/agreement%20(1).png HTTP/1.1" 404 19299
"GET /assets/image/money-flow%20(1).png HTTP/1.1" 404 19302
"GET /assets/image/money-flow%20(1).png HTTP/1.1" 404 19302
"GET /media/images/unknown.png HTTP/1.1" 200 6375
"GET /media/images/unknown.png HTTP/1.1" 200 6375
"GET /static/img/saudebrasBranco.png HTTP/1.1" 200 24129
"GET /static/img/saudebrasBranco.png HTTP/1.1" 200 24129
"GET /media/images/242eb692-aab3-4406-8800-d757aa47f9d0.jpg HTTP/1.1" 200 100267
"GET /media/images/242eb692-aab3-4406-8800-d757aa47f9d0.jpg HTTP/1.1" 200 100267
"GET /media/images/487120051_627720486703809_4763095675077596185_n_2.jpg HTTP/1.1" 200 130689
"GET /media/images/487120051_627720486703809_4763095675077596185_n_2.jpg HTTP/1.1" 200 130689
"GET /static/img/medicos%20ia.png HTTP/1.1" 200 1899831
"GET /static/img/medicos%20ia.png HTTP/1.1" 200 1899831
"GET /static/fonts/HUMNST777_CN_BT_BOLD.TTF HTTP/1.1" 200 40296
"GET /static/fonts/HUMNST777_CN_BT_BOLD.TTF HTTP/1.1" 200 40296
"GET /static/fonts/DaxBold.ttf HTTP/1.1" 200 53012
"GET /static/fonts/DaxBold.ttf HTTP/1.1" 200 53012
"GET /static/fonts/DaxlinePro-Bold_13127.ttf HTTP/1.1" 200 201116
"GET /static/fonts/DaxlinePro-Regular_13131.ttf HTTP/1.1" 200 199688
"GET /static/fonts/DaxlinePro-Bold_13127.ttf HTTP/1.1" 200 201116
"GET /static/fonts/DaxlinePro-Regular_13131.ttf HTTP/1.1" 200 199688
"GET /static/fonts/ARIAL.woff HTTP/1.1" 200 525872
"GET /static/fonts/ARIAL.woff HTTP/1.1" 200 525872
"GET /login/ HTTP/1.1" 200 32474
"GET /login/ HTTP/1.1" 200 32474
"GET /password_reset/ HTTP/1.1" 200 3122
"GET /password_reset/ HTTP/1.1" 200 3122
"GET /static/vendor/fontawesome-free/css/all.min.css HTTP/1.1" 404 2044
"GET /static/vendor/adminlte/js/adminlte.min.js HTTP/1.1" 404 2029
"GET /static/vendor/adminlte/css/adminlte.min.css HTTP/1.1" 404 2035
"GET /static/vendor/fontawesome-free/css/all.min.css HTTP/1.1" 404 2044
"GET /static/jazzmin/css/main.css HTTP/1.1" 404 1987
"GET /static/vendor/adminlte/js/adminlte.min.js HTTP/1.1" 404 2029
"GET /static/vendor/adminlte/css/adminlte.min.css HTTP/1.1" 404 2035
"GET /static/jazzmin/css/main.css HTTP/1.1" 404 1987
"GET /static/True HTTP/1.1" 404 1939
"GET /static/vendor/bootstrap/js/bootstrap.min.js HTTP/1.1" 200 60583
"GET /static/True HTTP/1.1" 404 1939
"GET /static/vendor/bootstrap/js/bootstrap.min.js HTTP/1.1" 200 60583
"GET /static/admin/js/vendor/jquery/jquery.js HTTP/1.1" 200 285314
"GET /static/admin/js/vendor/jquery/jquery.js HTTP/1.1" 200 285314
"GET /password_reset/ HTTP/1.1" 200 21283
"GET /password_reset/ HTTP/1.1" 200 21283
"POST /password_reset/ HTTP/1.1" 302 0
"POST /password_reset/ HTTP/1.1" 302 0
"GET /password_reset/done/ HTTP/1.1" 200 2298
"GET /password_reset/done/ HTTP/1.1" 200 2298
"GET /static/vendor/fontawesome-free/css/all.min.css HTTP/1.1" 404 2044
"GET /static/vendor/adminlte/css/adminlte.min.css HTTP/1.1" 404 2035
"GET /static/jazzmin/css/main.css HTTP/1.1" 404 1987
"GET /static/vendor/fontawesome-free/css/all.min.css HTTP/1.1" 404 2044
"GET /static/vendor/adminlte/css/adminlte.min.css HTTP/1.1" 404 2035
"GET /static/vendor/adminlte/js/adminlte.min.js HTTP/1.1" 404 2029
"GET /static/jazzmin/css/main.css HTTP/1.1" 404 1987
"GET /static/vendor/adminlte/js/adminlte.min.js HTTP/1.1" 404 2029
"GET /static/True HTTP/1.1" 404 1939
"GET /static/True HTTP/1.1" 404 1939
"GET /password_reset/done/ HTTP/1.1" 200 2298
"GET /password_reset/done/ HTTP/1.1" 200 2298
"GET /static/vendor/fontawesome-free/css/all.min.css HTTP/1.1" 404 2044
"GET /static/vendor/fontawesome-free/css/all.min.css HTTP/1.1" 404 2044
"GET /static/jazzmin/css/main.css HTTP/1.1" 404 1987
"GET /static/vendor/adminlte/css/adminlte.min.css HTTP/1.1" 404 2035
"GET /static/jazzmin/css/main.css HTTP/1.1" 404 1987
"GET /static/vendor/adminlte/css/adminlte.min.css HTTP/1.1" 404 2035
"GET /static/vendor/adminlte/js/adminlte.min.js HTTP/1.1" 404 2029
"GET /static/True HTTP/1.1" 404 1939
"GET /static/vendor/adminlte/js/adminlte.min.js HTTP/1.1" 404 2029
"GET /static/True HTTP/1.1" 404 1939
"GET /password_reset/ HTTP/1.1" 200 21283
"GET /password_reset/ HTTP/1.1" 200 21283
"GET /password_reset/ HTTP/1.1" 200 21283
"GET /password_reset/ HTTP/1.1" 200 21283
Not Found: /.well-known/appspecific/com.chrome.devtools.json
Not Found: /.well-known/appspecific/com.chrome.devtools.json
"GET /.well-known/appspecific/com.chrome.devtools.json HTTP/1.1" 404 19351
"GET /.well-known/appspecific/com.chrome.devtools.json HTTP/1.1" 404 19351
"POST /password_reset/ HTTP/1.1" 302 0
"POST /password_reset/ HTTP/1.1" 302 0
"GET /password_reset/done/ HTTP/1.1" 200 2298
"GET /password_reset/done/ HTTP/1.1" 200 2298
Not Found: /.well-known/appspecific/com.chrome.devtools.json
Not Found: /.well-known/appspecific/com.chrome.devtools.json
"GET /.well-known/appspecific/com.chrome.devtools.json HTTP/1.1" 404 19351
"GET /.well-known/appspecific/com.chrome.devtools.json HTTP/1.1" 404 19351
"GET /static/vendor/fontawesome-free/css/all.min.css HTTP/1.1" 404 2044
"GET /static/vendor/fontawesome-free/css/all.min.css HTTP/1.1" 404 2044
"GET /static/vendor/adminlte/css/adminlte.min.css HTTP/1.1" 404 2035
"GET /static/vendor/adminlte/css/adminlte.min.css HTTP/1.1" 404 2035
"GET /static/jazzmin/css/main.css HTTP/1.1" 404 1987
"GET /static/vendor/adminlte/js/adminlte.min.js HTTP/1.1" 404 2029
"GET /static/True HTTP/1.1" 404 1939
"GET /static/jazzmin/css/main.css HTTP/1.1" 404 1987
"GET /static/vendor/adminlte/js/adminlte.min.js HTTP/1.1" 404 2029
"GET /static/True HTTP/1.1" 404 1939
"GET /static/vendor/bootstrap/js/bootstrap.min.js.map HTTP/1.1" 200 220350
"GET /static/vendor/bootstrap/js/bootstrap.min.js.map HTTP/1.1" 200 220350
"GET /password_reset/done/ HTTP/1.1" 200 2298
"GET /password_reset/done/ HTTP/1.1" 200 2298
Not Found: /.well-known/appspecific/com.chrome.devtools.json
Not Found: /.well-known/appspecific/com.chrome.devtools.json
"GET /.well-known/appspecific/com.chrome.devtools.json HTTP/1.1" 404 19351
"GET /.well-known/appspecific/com.chrome.devtools.json HTTP/1.1" 404 19351
"GET /static/vendor/adminlte/css/adminlte.min.css HTTP/1.1" 404 2035
"GET /static/vendor/fontawesome-free/css/all.min.css HTTP/1.1" 404 2044
"GET /static/True HTTP/1.1" 404 1939
"GET /static/jazzmin/css/main.css HTTP/1.1" 404 1987
"GET /static/vendor/adminlte/js/adminlte.min.js HTTP/1.1" 404 2029
"GET /static/vendor/adminlte/css/adminlte.min.css HTTP/1.1" 404 2035
"GET /static/vendor/fontawesome-free/css/all.min.css HTTP/1.1" 404 2044
"GET /static/True HTTP/1.1" 404 1939
"GET /static/jazzmin/css/main.css HTTP/1.1" 404 1987
"GET /static/vendor/adminlte/js/adminlte.min.js HTTP/1.1" 404 2029
"GET /password_reset/done/ HTTP/1.1" 200 18436
"GET /password_reset/done/ HTTP/1.1" 200 18436
Not Found: /.well-known/appspecific/com.chrome.devtools.json
Not Found: /.well-known/appspecific/com.chrome.devtools.json
"GET /.well-known/appspecific/com.chrome.devtools.json HTTP/1.1" 404 19351
"GET /.well-known/appspecific/com.chrome.devtools.json HTTP/1.1" 404 19351
"GET /login/ HTTP/1.1" 200 32474
"GET /login/ HTTP/1.1" 200 32474
Not Found: /.well-known/appspecific/com.chrome.devtools.json
Not Found: /.well-known/appspecific/com.chrome.devtools.json
"GET /.well-known/appspecific/com.chrome.devtools.json HTTP/1.1" 404 19351
"GET /.well-known/appspecific/com.chrome.devtools.json HTTP/1.1" 404 19351
"GET /password_reset/ HTTP/1.1" 200 21283
"GET /password_reset/ HTTP/1.1" 200 21283
Not Found: /.well-known/appspecific/com.chrome.devtools.json
Not Found: /.well-known/appspecific/com.chrome.devtools.json
"GET /.well-known/appspecific/com.chrome.devtools.json HTTP/1.1" 404 19351
"GET /.well-known/appspecific/com.chrome.devtools.json HTTP/1.1" 404 19351
"POST /password_reset/ HTTP/1.1" 302 0
"POST /password_reset/ HTTP/1.1" 302 0
"GET /password_reset/done/ HTTP/1.1" 200 20499
"GET /password_reset/done/ HTTP/1.1" 200 20499
Not Found: /.well-known/appspecific/com.chrome.devtools.json
Not Found: /.well-known/appspecific/com.chrome.devtools.json
"GET /.well-known/appspecific/com.chrome.devtools.json HTTP/1.1" 404 19351
"GET /.well-known/appspecific/com.chrome.devtools.json HTTP/1.1" 404 19351
"GET /reset/Mjk/csxhs6-27fb6da2c15b1efd0e0772d50ae8c4c7/ HTTP/1.1" 302 0
"GET /reset/Mjk/csxhs6-27fb6da2c15b1efd0e0772d50ae8c4c7/ HTTP/1.1" 302 0
"GET /reset/Mjk/set-password/ HTTP/1.1" 200 24364
"GET /reset/Mjk/set-password/ HTTP/1.1" 200 24364
"GET /static/img/saudebras-logo.png HTTP/1.1" 200 75470
"GET /static/img/saudebras-logo.png HTTP/1.1" 200 75470
Not Found: /favicon.ico
Not Found: /favicon.ico
"GET /favicon.ico HTTP/1.1" 404 19240
"GET /favicon.ico HTTP/1.1" 404 19240
"POST /reset/Mjk/set-password/ HTTP/1.1" 302 0
"POST /reset/Mjk/set-password/ HTTP/1.1" 302 0
"GET /reset/done/ HTTP/1.1" 200 18436
"GET /reset/done/ HTTP/1.1" 200 18436
"GET /login/ HTTP/1.1" 200 30821
"GET /login/ HTTP/1.1" 200 30821
"GET /static/css/home.css HTTP/1.1" 200 35414
"GET /static/css/home.css HTTP/1.1" 200 35414
"GET /static/js/base.js HTTP/1.1" 200 1575
"GET /static/js/base.js HTTP/1.1" 200 1575
"GET /static/img/saudebrasBranco.png HTTP/1.1" 200 24129
"GET /static/img/menu-button-of-three-horizontal-lines.png HTTP/1.1" 200 16349
"GET /static/img/saudebrasBranco.png HTTP/1.1" 200 24129
"GET /static/img/menu-button-of-three-horizontal-lines.png HTTP/1.1" 200 16349
"GET /static/fonts/ARIAL.woff HTTP/1.1" 200 525872
"GET /static/fonts/ARIAL.woff HTTP/1.1" 200 525872
"GET /static/fonts/DaxBold.ttf HTTP/1.1" 200 53012
"GET /static/fonts/DaxBold.ttf HTTP/1.1" 200 53012
"POST /login/ HTTP/1.1" 302 0
"POST /login/ HTTP/1.1" 302 0
"GET / HTTP/1.1" 200 51075
"GET / HTTP/1.1" 200 51075
"GET /static/img/estetoscopio-instrumento-medico-1.svg HTTP/1.1" 200 1752
"GET /static/img/estetoscopio-instrumento-medico-1.svg HTTP/1.1" 200 1752
"GET /static/img/cuidado-dental.svg HTTP/1.1" 200 2025
"GET /static/img/ambulancia.svg HTTP/1.1" 200 1570
"GET /static/img/cuidado-dental.svg HTTP/1.1" 200 2025
"GET /static/img/ambulancia.svg HTTP/1.1" 200 1570
"GET /static/img/diagnostico.svg HTTP/1.1" 200 1896
"GET /static/img/diagnostico.svg HTTP/1.1" 200 1896
"GET /static/img/medicos%20ia.png HTTP/1.1" 200 1899831
"GET /static/img/medicos%20ia.png HTTP/1.1" 200 1899831
Not Found: /assets/image/stethoscope.png
Not Found: /assets/image/stethoscope.png
Not Found: /assets/image/agreement (1).png
"GET /assets/image/stethoscope.png HTTP/1.1" 404 19291
Not Found: /assets/image/agreement (1).png
"GET /assets/image/stethoscope.png HTTP/1.1" 404 19291
"GET /assets/image/agreement%20(1).png HTTP/1.1" 404 19299
"GET /assets/image/agreement%20(1).png HTTP/1.1" 404 19299
"GET /static/fonts/DaxlinePro-Bold_13127.ttf HTTP/1.1" 200 201116
"GET /static/fonts/DaxlinePro-Bold_13127.ttf HTTP/1.1" 200 201116
"GET /static/fonts/DaxlinePro-Regular_13131.ttf HTTP/1.1" 200 199688
Not Found: /assets/image/money-flow (1).png
"GET /static/fonts/HUMNST777_CN_BT_BOLD.TTF HTTP/1.1" 200 40296
"GET /media/images/487120051_627720486703809_4763095675077596185_n_2.jpg HTTP/1.1" 200 130689
"GET /media/images/unknown.png HTTP/1.1" 200 6375
"GET /static/fonts/DaxlinePro-Regular_13131.ttf HTTP/1.1" 200 199688
Not Found: /assets/image/freedom (2).png
Not Found: /assets/image/money-flow (1).png
"GET /static/fonts/HUMNST777_CN_BT_BOLD.TTF HTTP/1.1" 200 40296
"GET /media/images/487120051_627720486703809_4763095675077596185_n_2.jpg HTTP/1.1" 200 130689
"GET /media/images/unknown.png HTTP/1.1" 200 6375
Not Found: /assets/image/freedom (2).png
"GET /assets/image/money-flow%20(1).png HTTP/1.1" 404 19302
"GET /assets/image/freedom%20(2).png HTTP/1.1" 404 19293
"GET /assets/image/money-flow%20(1).png HTTP/1.1" 404 19302
"GET /assets/image/freedom%20(2).png HTTP/1.1" 404 19293
"GET /media/images/242eb692-aab3-4406-8800-d757aa47f9d0.jpg HTTP/1.1" 200 100267
"GET /media/images/242eb692-aab3-4406-8800-d757aa47f9d0.jpg HTTP/1.1" 200 100267
"GET /vantagens/ HTTP/1.1" 200 32809
"GET /vantagens/ HTTP/1.1" 200 32809
"POST /sair/ HTTP/1.1" 302 0
"POST /sair/ HTTP/1.1" 302 0
"GET / HTTP/1.1" 200 52219
"GET / HTTP/1.1" 200 52219
"GET /static/img/log-in.png HTTP/1.1" 200 16604
"GET /static/img/log-in.png HTTP/1.1" 200 16604
Not Found: /assets/image/stethoscope.png
Not Found: /assets/image/stethoscope.png
Not Found: /assets/image/freedom (2).png
Not Found: /assets/image/agreement (1).png
Not Found: /assets/image/money-flow (1).png
Not Found: /assets/image/freedom (2).png
Not Found: /assets/image/agreement (1).png
"GET /assets/image/stethoscope.png HTTP/1.1" 404 19291
Not Found: /assets/image/money-flow (1).png
"GET /assets/image/stethoscope.png HTTP/1.1" 404 19291
"GET /assets/image/freedom%20(2).png HTTP/1.1" 404 19293
"GET /assets/image/agreement%20(1).png HTTP/1.1" 404 19299
"GET /assets/image/money-flow%20(1).png HTTP/1.1" 404 19302
"GET /assets/image/freedom%20(2).png HTTP/1.1" 404 19293
"GET /assets/image/agreement%20(1).png HTTP/1.1" 404 19299
"GET /assets/image/money-flow%20(1).png HTTP/1.1" 404 19302
"GET /password_reset/ HTTP/1.1" 200 21283
"GET /password_reset/ HTTP/1.1" 200 21283
"GET /login/ HTTP/1.1" 200 32474
"GET /login/ HTTP/1.1" 200 32474
- Broken pipe from ('127.0.0.1', 49177)
- Broken pipe from ('127.0.0.1', 49177)
"GET / HTTP/1.1" 200 52188
"GET / HTTP/1.1" 200 52188
Not Found: /assets/image/stethoscope.png
Not Found: /assets/image/freedom (2).png
Not Found: /assets/image/stethoscope.png
Not Found: /assets/image/freedom (2).png
Not Found: /assets/image/money-flow (1).png
"GET /assets/image/stethoscope.png HTTP/1.1" 404 19291
Not Found: /assets/image/money-flow (1).png
"GET /assets/image/freedom%20(2).png HTTP/1.1" 404 19293
"GET /assets/image/stethoscope.png HTTP/1.1" 404 19291
Not Found: /assets/image/agreement (1).png
"GET /assets/image/freedom%20(2).png HTTP/1.1" 404 19293
"GET /assets/image/money-flow%20(1).png HTTP/1.1" 404 19302
Not Found: /assets/image/agreement (1).png
"GET /assets/image/money-flow%20(1).png HTTP/1.1" 404 19302
"GET /assets/image/agreement%20(1).png HTTP/1.1" 404 19299
"GET /assets/image/agreement%20(1).png HTTP/1.1" 404 19299
"GET /media/images/unknown.png HTTP/1.1" 200 6375
"GET /media/images/unknown.png HTTP/1.1" 200 6375
"GET /media/images/242eb692-aab3-4406-8800-d757aa47f9d0.jpg HTTP/1.1" 200 100267
"GET /media/images/242eb692-aab3-4406-8800-d757aa47f9d0.jpg HTTP/1.1" 200 100267
"GET /media/images/487120051_627720486703809_4763095675077596185_n_2.jpg HTTP/1.1" 200 130689
"GET /media/images/487120051_627720486703809_4763095675077596185_n_2.jpg HTTP/1.1" 200 130689
"GET /pesquisar/M%C3%A9dico/ HTTP/1.1" 200 29511
"GET /pesquisar/M%C3%A9dico/ HTTP/1.1" 200 29511
"GET /static/img/stethoscope-medical-tool.png HTTP/1.1" 200 20568
"GET /static/img/stethoscope-medical-tool.png HTTP/1.1" 200 20568
"GET /static/js/pesquisarJS/pesquisarMedicos.js HTTP/1.1" 200 7236
"GET /static/js/pesquisarJS/pesquisarMedicos.js HTTP/1.1" 200 7236
"GET /buscar_especialidades/?tipo_profissional=M%C3%A9dico HTTP/1.1" 200 73
"GET /buscar_especialidades/?tipo_profissional=M%C3%A9dico HTTP/1.1" 200 73
"GET /buscar_estados/?tipo_profissional=M%C3%A9dico&especialidade=Alergista HTTP/1.1" 200 25
"GET /buscar_estados/?tipo_profissional=M%C3%A9dico&especialidade=Alergista HTTP/1.1" 200 25
"GET /get_cities/?estado=ES&tipo_profissional=M%C3%A9dico&especialidade=Alergista HTTP/1.1" 200 28
"GET /get_cities/?estado=ES&tipo_profissional=M%C3%A9dico&especialidade=Alergista HTTP/1.1" 200 28
Not Found: /.well-known/appspecific/com.chrome.devtools.json
Not Found: /.well-known/appspecific/com.chrome.devtools.json
"GET /.well-known/appspecific/com.chrome.devtools.json HTTP/1.1" 404 19351
"GET /.well-known/appspecific/com.chrome.devtools.json HTTP/1.1" 404 19351
"GET /get_cities/?estado=MG&tipo_profissional=M%C3%A9dico&especialidade=Alergista HTTP/1.1" 200 23
"GET /get_cities/?estado=MG&tipo_profissional=M%C3%A9dico&especialidade=Alergista HTTP/1.1" 200 23
"GET /profissionais?tipo_profissional=M%C3%A9dico&estado=MG&especialidade=Alergista&cidade=Nanuque HTTP/1.1" 301 0
"GET /profissionais?tipo_profissional=M%C3%A9dico&estado=MG&especialidade=Alergista&cidade=Nanuque HTTP/1.1" 301 0
"GET /profissionais/?tipo_profissional=M%C3%A9dico&estado=MG&especialidade=Alergista&cidade=Nanuque HTTP/1.1" 200 42612
"GET /profissionais/?tipo_profissional=M%C3%A9dico&estado=MG&especialidade=Alergista&cidade=Nanuque HTTP/1.1" 200 42612
Not Found: /.well-known/appspecific/com.chrome.devtools.json
Not Found: /.well-known/appspecific/com.chrome.devtools.json
"GET /.well-known/appspecific/com.chrome.devtools.json HTTP/1.1" 404 19351
"GET /.well-known/appspecific/com.chrome.devtools.json HTTP/1.1" 404 19351
"GET /media/images/unknown.png HTTP/1.1" 200 6375
"GET /media/images/unknown.png HTTP/1.1" 200 6375
"GET /static/js/filtrarProfissionais.js HTTP/1.1" 200 3312
"GET /static/js/filtrarProfissionais.js HTTP/1.1" 200 3312
"GET /buscar_convenios_por_tipo_profissional/?tipo_profissional=M%C3%A9dico&estado=MG&especialidade=Alergista&cidade=Nanuque HTTP/1.1" 200 48
"GET /buscar_convenios_por_tipo_profissional/?tipo_profissional=M%C3%A9dico&estado=MG&especialidade=Alergista&cidade=Nanuque HTTP/1.1" 200 48
"GET /profissionais/?tipo_profissional=M%C3%A9dico&estado=MG&especialidade=Alergista&cidade=Nanuque&convenios=Unimed HTTP/1.1" 200 42612
"GET /profissionais/?tipo_profissional=M%C3%A9dico&estado=MG&especialidade=Alergista&cidade=Nanuque&convenios=Unimed HTTP/1.1" 200 42612
Not Found: /.well-known/appspecific/com.chrome.devtools.json
Not Found: /.well-known/appspecific/com.chrome.devtools.json
"GET /.well-known/appspecific/com.chrome.devtools.json HTTP/1.1" 404 19351
"GET /.well-known/appspecific/com.chrome.devtools.json HTTP/1.1" 404 19351
"GET /buscar_convenios_por_tipo_profissional/?tipo_profissional=M%C3%A9dico&estado=MG&especialidade=Alergista&cidade=Nanuque HTTP/1.1" 200 48
"GET /buscar_convenios_por_tipo_profissional/?tipo_profissional=M%C3%A9dico&estado=MG&especialidade=Alergista&cidade=Nanuque HTTP/1.1" 200 48
"GET / HTTP/1.1" 200 52143
"GET / HTTP/1.1" 200 52143
Not Found: /.well-known/appspecific/com.chrome.devtools.json
Not Found: /.well-known/appspecific/com.chrome.devtools.json
"GET /.well-known/appspecific/com.chrome.devtools.json HTTP/1.1" 404 19351
"GET /.well-known/appspecific/com.chrome.devtools.json HTTP/1.1" 404 19351
Not Found: /assets/image/stethoscope.png
Not Found: /assets/image/money-flow (1).png
Not Found: /assets/image/agreement (1).png
Not Found: /assets/image/stethoscope.png
Not Found: /assets/image/freedom (2).png
Not Found: /assets/image/money-flow (1).png
Not Found: /assets/image/agreement (1).png
Not Found: /assets/image/freedom (2).png
"GET /assets/image/stethoscope.png HTTP/1.1" 404 19291
"GET /assets/image/money-flow%20(1).png HTTP/1.1" 404 19302
"GET /assets/image/stethoscope.png HTTP/1.1" 404 19291
"GET /assets/image/agreement%20(1).png HTTP/1.1" 404 19299
"GET /assets/image/money-flow%20(1).png HTTP/1.1" 404 19302
"GET /assets/image/freedom%20(2).png HTTP/1.1" 404 19293
"GET /assets/image/agreement%20(1).png HTTP/1.1" 404 19299
"GET /assets/image/freedom%20(2).png HTTP/1.1" 404 19293
"GET /media/images/242eb692-aab3-4406-8800-d757aa47f9d0.jpg HTTP/1.1" 200 100267
"GET /media/images/242eb692-aab3-4406-8800-d757aa47f9d0.jpg HTTP/1.1" 200 100267
"GET /media/images/487120051_627720486703809_4763095675077596185_n_2.jpg HTTP/1.1" 200 130689
"GET /media/images/487120051_627720486703809_4763095675077596185_n_2.jpg HTTP/1.1" 200 130689
"GET /pesquisar/M%C3%A9dico/ HTTP/1.1" 200 29511
"GET /pesquisar/M%C3%A9dico/ HTTP/1.1" 200 29511
Not Found: /.well-known/appspecific/com.chrome.devtools.json
Not Found: /.well-known/appspecific/com.chrome.devtools.json
"GET /.well-known/appspecific/com.chrome.devtools.json HTTP/1.1" 404 19351
"GET /.well-known/appspecific/com.chrome.devtools.json HTTP/1.1" 404 19351
"GET /buscar_especialidades/?tipo_profissional=M%C3%A9dico HTTP/1.1" 200 73
"GET /buscar_especialidades/?tipo_profissional=M%C3%A9dico HTTP/1.1" 200 73
"GET /pesquisar/M%C3%A9dico/ HTTP/1.1" 200 29511
"GET /pesquisar/M%C3%A9dico/ HTTP/1.1" 200 29511
"GET /buscar_especialidades/?tipo_profissional=M%C3%A9dico HTTP/1.1" 200 73
"GET /buscar_especialidades/?tipo_profissional=M%C3%A9dico HTTP/1.1" 200 73
"GET / HTTP/1.1" 200 52134
"GET / HTTP/1.1" 200 52134
Not Found: /assets/image/freedom (2).png
Not Found: /assets/image/stethoscope.png
Not Found: /assets/image/freedom (2).png
Not Found: /assets/image/agreement (1).png
Not Found: /assets/image/stethoscope.png
"GET /assets/image/freedom%20(2).png HTTP/1.1" 404 19293
Not Found: /assets/image/agreement (1).png
Not Found: /assets/image/money-flow (1).png
"GET /assets/image/freedom%20(2).png HTTP/1.1" 404 19293
"GET /assets/image/stethoscope.png HTTP/1.1" 404 19291
Not Found: /assets/image/money-flow (1).png
"GET /assets/image/agreement%20(1).png HTTP/1.1" 404 19299
"GET /assets/image/stethoscope.png HTTP/1.1" 404 19291
"GET /assets/image/agreement%20(1).png HTTP/1.1" 404 19299
"GET /assets/image/money-flow%20(1).png HTTP/1.1" 404 19302
"GET /assets/image/money-flow%20(1).png HTTP/1.1" 404 19302
"GET / HTTP/1.1" 200 52162
"GET / HTTP/1.1" 200 52162
Not Found: /assets/image/stethoscope.png
Not Found: /assets/image/stethoscope.png
Not Found: /assets/image/agreement (1).png
Not Found: /assets/image/freedom (2).png
Not Found: /assets/image/agreement (1).png
"GET /assets/image/stethoscope.png HTTP/1.1" 404 19291
Not Found: /assets/image/freedom (2).png
"GET /assets/image/stethoscope.png HTTP/1.1" 404 19291
"GET /assets/image/agreement%20(1).png HTTP/1.1" 404 19299
"GET /assets/image/freedom%20(2).png HTTP/1.1" 404 19293
"GET /assets/image/agreement%20(1).png HTTP/1.1" 404 19299
"GET /assets/image/freedom%20(2).png HTTP/1.1" 404 19293
Not Found: /assets/image/money-flow (1).png
Not Found: /assets/image/money-flow (1).png
"GET /assets/image/money-flow%20(1).png HTTP/1.1" 404 19302
"GET /assets/image/money-flow%20(1).png HTTP/1.1" 404 19302
"GET / HTTP/1.1" 200 52159
"GET / HTTP/1.1" 200 52159
Not Found: /assets/image/stethoscope.png
Not Found: /assets/image/agreement (1).png
Not Found: /assets/image/freedom (2).png
Not Found: /assets/image/stethoscope.png
Not Found: /assets/image/agreement (1).png
Not Found: /assets/image/money-flow (1).png
Not Found: /assets/image/freedom (2).png
Not Found: /assets/image/money-flow (1).png
"GET /assets/image/agreement%20(1).png HTTP/1.1" 404 19299
"GET /assets/image/stethoscope.png HTTP/1.1" 404 19291
"GET /assets/image/agreement%20(1).png HTTP/1.1" 404 19299
"GET /assets/image/freedom%20(2).png HTTP/1.1" 404 19293
"GET /assets/image/money-flow%20(1).png HTTP/1.1" 404 19302
"GET /assets/image/stethoscope.png HTTP/1.1" 404 19291
"GET /assets/image/freedom%20(2).png HTTP/1.1" 404 19293
"GET /assets/image/money-flow%20(1).png HTTP/1.1" 404 19302
"GET / HTTP/1.1" 200 52169
"GET / HTTP/1.1" 200 52169
Not Found: /assets/image/freedom (2).png
Not Found: /assets/image/stethoscope.png
Not Found: /assets/image/freedom (2).png
Not Found: /assets/image/stethoscope.png
"GET /assets/image/freedom%20(2).png HTTP/1.1" 404 19293
"GET /assets/image/stethoscope.png HTTP/1.1" 404 19291
"GET /assets/image/freedom%20(2).png HTTP/1.1" 404 19293
"GET /assets/image/stethoscope.png HTTP/1.1" 404 19291
Not Found: /assets/image/agreement (1).png
Not Found: /assets/image/money-flow (1).png
Not Found: /assets/image/agreement (1).png
Not Found: /assets/image/money-flow (1).png
"GET /assets/image/money-flow%20(1).png HTTP/1.1" 404 19302
"GET /assets/image/agreement%20(1).png HTTP/1.1" 404 19299
"GET /assets/image/money-flow%20(1).png HTTP/1.1" 404 19302
"GET /assets/image/agreement%20(1).png HTTP/1.1" 404 19299
"GET / HTTP/1.1" 200 52150
"GET / HTTP/1.1" 200 52150
Not Found: /assets/image/stethoscope.png
Not Found: /assets/image/freedom (2).png
Not Found: /assets/image/stethoscope.png
Not Found: /assets/image/freedom (2).png
"GET /assets/image/stethoscope.png HTTP/1.1" 404 19291
"GET /assets/image/freedom%20(2).png HTTP/1.1" 404 19293
"GET /assets/image/stethoscope.png HTTP/1.1" 404 19291
"GET /assets/image/freedom%20(2).png HTTP/1.1" 404 19293
Not Found: /assets/image/agreement (1).png
Not Found: /assets/image/money-flow (1).png
Not Found: /assets/image/agreement (1).png
Not Found: /assets/image/money-flow (1).png
"GET /assets/image/agreement%20(1).png HTTP/1.1" 404 19299
"GET /assets/image/money-flow%20(1).png HTTP/1.1" 404 19302
"GET /assets/image/agreement%20(1).png HTTP/1.1" 404 19299
"GET /assets/image/money-flow%20(1).png HTTP/1.1" 404 19302
"GET / HTTP/1.1" 200 52175
"GET / HTTP/1.1" 200 52175
"GET /static/css/home.css HTTP/1.1" 200 35414
"GET /static/css/home.css HTTP/1.1" 200 35414
"GET /static/img/menu-button-of-three-horizontal-lines.png HTTP/1.1" 200 16349
"GET /static/img/menu-button-of-three-horizontal-lines.png HTTP/1.1" 200 16349
"GET /static/img/saudebras-logo.png HTTP/1.1" 200 75470
"GET /static/img/saudebras-logo.png HTTP/1.1" 200 75470
"GET /static/img/log-in.png HTTP/1.1" 200 16604
"GET /static/img/log-in.png HTTP/1.1" 200 16604
"GET /static/img/estetoscopio-instrumento-medico-1.svg HTTP/1.1" 200 1752
"GET /static/js/base.js HTTP/1.1" 200 1575
"GET /static/img/estetoscopio-instrumento-medico-1.svg HTTP/1.1" 200 1752
"GET /static/js/base.js HTTP/1.1" 200 1575
"GET /static/img/cuidado-dental.svg HTTP/1.1" 200 2025
"GET /static/img/cuidado-dental.svg HTTP/1.1" 200 2025
"GET /static/img/ambulancia.svg HTTP/1.1" 200 1570
"GET /static/img/diagnostico.svg HTTP/1.1" 200 1896
"GET /static/img/ambulancia.svg HTTP/1.1" 200 1570
Not Found: /assets/image/stethoscope.png
"GET /static/img/diagnostico.svg HTTP/1.1" 200 1896
Not Found: /assets/image/stethoscope.png
Not Found: /assets/image/freedom (2).png
Not Found: /assets/image/money-flow (1).png
Not Found: /assets/image/agreement (1).png
"GET /assets/image/stethoscope.png HTTP/1.1" 404 19291
Not Found: /assets/image/freedom (2).png
Not Found: /assets/image/money-flow (1).png
Not Found: /assets/image/agreement (1).png
"GET /assets/image/stethoscope.png HTTP/1.1" 404 19291
"GET /assets/image/freedom%20(2).png HTTP/1.1" 404 19293
"GET /assets/image/money-flow%20(1).png HTTP/1.1" 404 19302
"GET /assets/image/freedom%20(2).png HTTP/1.1" 404 19293
"GET /assets/image/agreement%20(1).png HTTP/1.1" 404 19299
"GET /assets/image/money-flow%20(1).png HTTP/1.1" 404 19302
"GET /assets/image/agreement%20(1).png HTTP/1.1" 404 19299
"GET /media/images/unknown.png HTTP/1.1" 200 6375
"GET /media/images/unknown.png HTTP/1.1" 200 6375
"GET /media/images/242eb692-aab3-4406-8800-d757aa47f9d0.jpg HTTP/1.1" 200 100267
"GET /media/images/242eb692-aab3-4406-8800-d757aa47f9d0.jpg HTTP/1.1" 200 100267
"GET /static/img/saudebrasBranco.png HTTP/1.1" 200 24129
"GET /static/img/saudebrasBranco.png HTTP/1.1" 200 24129
"GET /media/images/487120051_627720486703809_4763095675077596185_n_2.jpg HTTP/1.1" 200 130689
"GET /media/images/487120051_627720486703809_4763095675077596185_n_2.jpg HTTP/1.1" 200 130689
"GET /static/img/medicos%20ia.png HTTP/1.1" 200 1899831
"GET /static/img/medicos%20ia.png HTTP/1.1" 200 1899831
"GET /static/fonts/DaxBold.ttf HTTP/1.1" 200 53012
"GET /static/fonts/HUMNST777_CN_BT_BOLD.TTF HTTP/1.1" 200 40296
"GET /static/fonts/DaxBold.ttf HTTP/1.1" 200 53012
"GET /static/fonts/HUMNST777_CN_BT_BOLD.TTF HTTP/1.1" 200 40296
"GET /static/fonts/DaxlinePro-Regular_13131.ttf HTTP/1.1" 200 199688
"GET /static/fonts/DaxlinePro-Regular_13131.ttf HTTP/1.1" 200 199688
"GET /static/fonts/ARIAL.woff HTTP/1.1" 200 525872
"GET /static/fonts/ARIAL.woff HTTP/1.1" 200 525872
"GET /static/fonts/DaxlinePro-Bold_13127.ttf HTTP/1.1" 200 201116
"GET /static/fonts/DaxlinePro-Bold_13127.ttf HTTP/1.1" 200 201116
Not Found: /favicon.ico
Not Found: /favicon.ico
"GET /favicon.ico HTTP/1.1" 404 19240
"GET /favicon.ico HTTP/1.1" 404 19240
Watching for file changes with StatReloader
Watching for file changes with StatReloader
"GET / HTTP/1.1" 200 52207
"GET / HTTP/1.1" 200 52207
Not Found: /assets/image/stethoscope.png
Not Found: /assets/image/freedom (2).png
Not Found: /assets/image/agreement (1).png
Not Found: /assets/image/stethoscope.png
Not Found: /assets/image/freedom (2).png
Not Found: /assets/image/money-flow (1).png
Not Found: /assets/image/agreement (1).png
Not Found: /assets/image/money-flow (1).png
"GET /assets/image/stethoscope.png HTTP/1.1" 404 19291
"GET /assets/image/freedom%20(2).png HTTP/1.1" 404 19293
"GET /assets/image/stethoscope.png HTTP/1.1" 404 19291
"GET /assets/image/agreement%20(1).png HTTP/1.1" 404 19299
"GET /assets/image/money-flow%20(1).png HTTP/1.1" 404 19302
"GET /assets/image/freedom%20(2).png HTTP/1.1" 404 19293
"GET /assets/image/agreement%20(1).png HTTP/1.1" 404 19299
"GET /assets/image/money-flow%20(1).png HTTP/1.1" 404 19302
"GET / HTTP/1.1" 200 52252
"GET / HTTP/1.1" 200 52252
"GET /static/css/home.css HTTP/1.1" 200 35414
"GET /static/css/home.css HTTP/1.1" 200 35414
"GET /static/js/base.js HTTP/1.1" 200 1575
"GET /static/js/base.js HTTP/1.1" 200 1575
"GET /static/img/saudebras-logo.png HTTP/1.1" 200 75470
"GET /static/img/saudebras-logo.png HTTP/1.1" 200 75470
"GET /static/img/estetoscopio-instrumento-medico-1.svg HTTP/1.1" 200 1752
"GET /static/img/estetoscopio-instrumento-medico-1.svg HTTP/1.1" 200 1752
"GET /static/img/log-in.png HTTP/1.1" 200 16604
"GET /static/img/log-in.png HTTP/1.1" 200 16604
"GET /static/img/menu-button-of-three-horizontal-lines.png HTTP/1.1" 200 16349
"GET /static/img/menu-button-of-three-horizontal-lines.png HTTP/1.1" 200 16349
"GET /static/img/cuidado-dental.svg HTTP/1.1" 200 2025
"GET /static/img/diagnostico.svg HTTP/1.1" 200 1896
"GET /static/img/cuidado-dental.svg HTTP/1.1" 200 2025
"GET /static/img/ambulancia.svg HTTP/1.1" 200 1570
"GET /static/img/diagnostico.svg HTTP/1.1" 200 1896
"GET /static/img/ambulancia.svg HTTP/1.1" 200 1570
Not Found: /assets/image/freedom (2).png
Not Found: /assets/image/stethoscope.png
Not Found: /assets/image/freedom (2).png
Not Found: /assets/image/agreement (1).png
Not Found: /assets/image/stethoscope.png
Not Found: /assets/image/money-flow (1).png
Not Found: /assets/image/agreement (1).png
"GET /assets/image/freedom%20(2).png HTTP/1.1" 404 19293
Not Found: /assets/image/money-flow (1).png
"GET /assets/image/freedom%20(2).png HTTP/1.1" 404 19293
"GET /assets/image/stethoscope.png HTTP/1.1" 404 19291
"GET /assets/image/money-flow%20(1).png HTTP/1.1" 404 19302
"GET /assets/image/agreement%20(1).png HTTP/1.1" 404 19299
"GET /assets/image/stethoscope.png HTTP/1.1" 404 19291
"GET /assets/image/money-flow%20(1).png HTTP/1.1" 404 19302
"GET /assets/image/agreement%20(1).png HTTP/1.1" 404 19299
"GET /media/images/242eb692-aab3-4406-8800-d757aa47f9d0.jpg HTTP/1.1" 200 100267
"GET /media/images/242eb692-aab3-4406-8800-d757aa47f9d0.jpg HTTP/1.1" 200 100267
"GET /static/img/medicos%20ia.png HTTP/1.1" 200 1899831
"GET /static/img/medicos%20ia.png HTTP/1.1" 200 1899831
"GET /media/images/unknown.png HTTP/1.1" 200 6375
"GET /media/images/unknown.png HTTP/1.1" 200 6375
"GET /static/img/saudebrasBranco.png HTTP/1.1" 200 24129
"GET /static/img/saudebrasBranco.png HTTP/1.1" 200 24129
"GET /media/images/487120051_627720486703809_4763095675077596185_n_2.jpg HTTP/1.1" 200 130689
"GET /media/images/487120051_627720486703809_4763095675077596185_n_2.jpg HTTP/1.1" 200 130689
"GET /static/fonts/DaxBold.ttf HTTP/1.1" 200 53012
"GET /static/fonts/DaxBold.ttf HTTP/1.1" 200 53012
"GET /static/fonts/DaxlinePro-Regular_13131.ttf HTTP/1.1" 200 199688
"GET /static/fonts/DaxlinePro-Regular_13131.ttf HTTP/1.1" 200 199688
"GET /static/fonts/ARIAL.woff HTTP/1.1" 200 525872
"GET /static/fonts/ARIAL.woff HTTP/1.1" 200 525872
"GET /static/fonts/HUMNST777_CN_BT_BOLD.TTF HTTP/1.1" 200 40296
"GET /static/fonts/HUMNST777_CN_BT_BOLD.TTF HTTP/1.1" 200 40296
"GET /static/fonts/DaxlinePro-Bold_13127.ttf HTTP/1.1" 200 201116
"GET /static/fonts/DaxlinePro-Bold_13127.ttf HTTP/1.1" 200 201116
Not Found: /favicon.ico
Not Found: /favicon.ico
"GET /favicon.ico HTTP/1.1" 404 19240
"GET /favicon.ico HTTP/1.1" 404 19240
"GET /vantagens/ HTTP/1.1" 200 34267
"GET /vantagens/ HTTP/1.1" 200 34267
"GET /sobre/ HTTP/1.1" 200 33975
"GET /sobre/ HTTP/1.1" 200 33975
"GET /sobre/ HTTP/1.1" 200 33856
"GET /sobre/ HTTP/1.1" 200 33856
Watching for file changes with StatReloader
Watching for file changes with StatReloader
"GET /sobre/ HTTP/1.1" 200 33856
"GET /sobre/ HTTP/1.1" 200 33856
"GET /static/img/menu-button-of-three-horizontal-lines.png HTTP/1.1" 200 16349
"GET /static/img/menu-button-of-three-horizontal-lines.png HTTP/1.1" 200 16349
"GET /static/css/home.css HTTP/1.1" 200 35414
"GET /static/css/home.css HTTP/1.1" 200 35414
"GET /static/js/base.js HTTP/1.1" 200 1575
"GET /static/js/base.js HTTP/1.1" 200 1575
"GET /static/img/saudebras-logo.png HTTP/1.1" 200 75470
"GET /static/img/saudebras-logo.png HTTP/1.1" 200 75470
"GET /static/img/log-in.png HTTP/1.1" 200 16604
"GET /static/img/log-in.png HTTP/1.1" 200 16604
"GET /static/img/saudebrasBranco.png HTTP/1.1" 200 24129
"GET /static/img/saudebrasBranco.png HTTP/1.1" 200 24129
"GET /static/fonts/DaxBold.ttf HTTP/1.1" 200 53012
"GET /static/fonts/DaxBold.ttf HTTP/1.1" 200 53012
"GET /static/fonts/DaxlinePro-Regular_13131.ttf HTTP/1.1" 200 199688
"GET /static/fonts/DaxlinePro-Regular_13131.ttf HTTP/1.1" 200 199688
"GET /static/fonts/ARIAL.woff HTTP/1.1" 200 525872
"GET /static/fonts/ARIAL.woff HTTP/1.1" 200 525872
Not Found: /favicon.ico
Not Found: /favicon.ico
"GET /favicon.ico HTTP/1.1" 404 19240
"GET /favicon.ico HTTP/1.1" 404 19240
"GET / HTTP/1.1" 200 52092
"GET / HTTP/1.1" 200 52092
"GET /static/img/estetoscopio-instrumento-medico-1.svg HTTP/1.1" 200 1752
"GET /static/img/cuidado-dental.svg HTTP/1.1" 200 2025
"GET /static/img/estetoscopio-instrumento-medico-1.svg HTTP/1.1" 200 1752
"GET /static/img/cuidado-dental.svg HTTP/1.1" 200 2025
"GET /static/img/diagnostico.svg HTTP/1.1" 200 1896
"GET /static/img/diagnostico.svg HTTP/1.1" 200 1896
Not Found: /assets/image/stethoscope.png
Not Found: /assets/image/stethoscope.png
Not Found: /assets/image/freedom (2).png
Not Found: /assets/image/agreement (1).png
Not Found: /assets/image/freedom (2).png
"GET /static/img/ambulancia.svg HTTP/1.1" 200 1570
"GET /assets/image/stethoscope.png HTTP/1.1" 404 19291
Not Found: /assets/image/money-flow (1).png
Not Found: /assets/image/agreement (1).png
"GET /static/img/ambulancia.svg HTTP/1.1" 200 1570
"GET /assets/image/stethoscope.png HTTP/1.1" 404 19291
Not Found: /assets/image/money-flow (1).png
"GET /assets/image/freedom%20(2).png HTTP/1.1" 404 19293
"GET /assets/image/agreement%20(1).png HTTP/1.1" 404 19299
"GET /assets/image/freedom%20(2).png HTTP/1.1" 404 19293
"GET /assets/image/money-flow%20(1).png HTTP/1.1" 404 19302
"GET /assets/image/agreement%20(1).png HTTP/1.1" 404 19299
"GET /assets/image/money-flow%20(1).png HTTP/1.1" 404 19302
"GET /static/img/medicos%20ia.png HTTP/1.1" 200 1899831
"GET /static/img/medicos%20ia.png HTTP/1.1" 200 1899831
"GET /media/images/unknown.png HTTP/1.1" 200 6375
"GET /static/fonts/HUMNST777_CN_BT_BOLD.TTF HTTP/1.1" 200 40296
"GET /media/images/unknown.png HTTP/1.1" 200 6375
"GET /static/fonts/HUMNST777_CN_BT_BOLD.TTF HTTP/1.1" 200 40296
"GET /static/fonts/DaxlinePro-Bold_13127.ttf HTTP/1.1" 200 201116
"GET /static/fonts/DaxlinePro-Bold_13127.ttf HTTP/1.1" 200 201116
"GET /media/images/242eb692-aab3-4406-8800-d757aa47f9d0.jpg HTTP/1.1" 200 100267
"GET /media/images/242eb692-aab3-4406-8800-d757aa47f9d0.jpg HTTP/1.1" 200 100267
"GET /media/images/487120051_627720486703809_4763095675077596185_n_2.jpg HTTP/1.1" 200 130689
"GET /media/images/487120051_627720486703809_4763095675077596185_n_2.jpg HTTP/1.1" 200 130689
"GET / HTTP/1.1" 200 52158
"GET / HTTP/1.1" 200 52158
Not Found: /assets/image/stethoscope.png
Not Found: /assets/image/agreement (1).png
Not Found: /assets/image/stethoscope.png
Not Found: /assets/image/money-flow (1).png
Not Found: /assets/image/freedom (2).png
Not Found: /assets/image/agreement (1).png
Not Found: /assets/image/money-flow (1).png
Not Found: /assets/image/freedom (2).png
"GET /assets/image/stethoscope.png HTTP/1.1" 404 19291
"GET /assets/image/stethoscope.png HTTP/1.1" 404 19291
"GET /assets/image/money-flow%20(1).png HTTP/1.1" 404 19302
"GET /assets/image/agreement%20(1).png HTTP/1.1" 404 19299
"GET /assets/image/freedom%20(2).png HTTP/1.1" 404 19293
"GET /assets/image/money-flow%20(1).png HTTP/1.1" 404 19302
"GET /assets/image/agreement%20(1).png HTTP/1.1" 404 19299
"GET /assets/image/freedom%20(2).png HTTP/1.1" 404 19293
"GET /login/ HTTP/1.1" 200 32436
"GET /login/ HTTP/1.1" 200 32436
"GET /password_reset/ HTTP/1.1" 200 21283
"GET /password_reset/ HTTP/1.1" 200 21283
"POST /login/ HTTP/1.1" 200 32842
"POST /login/ HTTP/1.1" 200 32842
"POST /login/ HTTP/1.1" 302 0
"POST /login/ HTTP/1.1" 302 0
"GET / HTTP/1.1" 200 51094
"GET / HTTP/1.1" 200 51094
Not Found: /assets/image/agreement (1).png
Not Found: /assets/image/agreement (1).png
Not Found: /assets/image/freedom (2).png
"GET /assets/image/agreement%20(1).png HTTP/1.1" 404 19299
Not Found: /assets/image/freedom (2).png
"GET /assets/image/agreement%20(1).png HTTP/1.1" 404 19299
"GET /assets/image/freedom%20(2).png HTTP/1.1" 404 19293
"GET /assets/image/freedom%20(2).png HTTP/1.1" 404 19293
Not Found: /assets/image/money-flow (1).png
Not Found: /assets/image/money-flow (1).png
"GET /assets/image/money-flow%20(1).png HTTP/1.1" 404 19302
"GET /assets/image/money-flow%20(1).png HTTP/1.1" 404 19302
"GET /media/images/242eb692-aab3-4406-8800-d757aa47f9d0.jpg HTTP/1.1" 200 100267
"GET /media/images/242eb692-aab3-4406-8800-d757aa47f9d0.jpg HTTP/1.1" 200 100267
Not Found: /assets/image/stethoscope.png
Not Found: /assets/image/stethoscope.png
"GET /assets/image/stethoscope.png HTTP/1.1" 404 19291
"GET /assets/image/stethoscope.png HTTP/1.1" 404 19291
"GET /media/images/487120051_627720486703809_4763095675077596185_n_2.jpg HTTP/1.1" 200 130689
"GET /media/images/487120051_627720486703809_4763095675077596185_n_2.jpg HTTP/1.1" 200 130689
"GET /media/images/unknown.png HTTP/1.1" 200 6375
"GET /media/images/unknown.png HTTP/1.1" 200 6375
message='Request to Stripe api' method=get path=https://api.stripe.com/v1/subscriptions/sub_1Rk7S8K0evm2fcdGJNHGO3hJ
message='Stripe API response' path=https://api.stripe.com/v1/subscriptions/sub_1Rk7S8K0evm2fcdGJNHGO3hJ response_code=404
error_code=resource_missing error_message="No such subscription: 'sub_1Rk7S8K0evm2fcdGJNHGO3hJ'" error_param=id error_type=invalid_request_error message='Stripe API error received'
"GET /editar_perfil/ HTTP/1.1" 200 128578
"GET /editar_perfil/ HTTP/1.1" 200 128578
- Broken pipe from ('127.0.0.1', 52495)
- Broken pipe from ('127.0.0.1', 52495)
- Broken pipe from ('127.0.0.1', 52506)
- Broken pipe from ('127.0.0.1', 52506)
"GET /perfil/29/ HTTP/1.1" 200 46875
"GET /perfil/29/ HTTP/1.1" 200 46875
"GET /static/css/perfil.css HTTP/1.1" 200 22563
"GET /static/css/perfil.css HTTP/1.1" 200 22563
- Broken pipe from ('127.0.0.1', 52504)
- Broken pipe from ('127.0.0.1', 52504)
"POST /sair/ HTTP/1.1" 302 0
"POST /sair/ HTTP/1.1" 302 0
"GET / HTTP/1.1" 200 52178
"GET / HTTP/1.1" 200 52178
Not Found: /assets/image/stethoscope.png
Not Found: /assets/image/stethoscope.png
Not Found: /assets/image/agreement (1).png
Not Found: /assets/image/freedom (2).png
Not Found: /assets/image/agreement (1).png
"GET /assets/image/stethoscope.png HTTP/1.1" 404 19291
Not Found: /assets/image/freedom (2).png
"GET /assets/image/stethoscope.png HTTP/1.1" 404 19291
Not Found: /assets/image/money-flow (1).png
"GET /assets/image/agreement%20(1).png HTTP/1.1" 404 19299
Not Found: /assets/image/money-flow (1).png
"GET /assets/image/freedom%20(2).png HTTP/1.1" 404 19293
"GET /assets/image/agreement%20(1).png HTTP/1.1" 404 19299
"GET /assets/image/freedom%20(2).png HTTP/1.1" 404 19293
"GET /media/images/unknown.png HTTP/1.1" 200 6375
"GET /assets/image/money-flow%20(1).png HTTP/1.1" 404 19302
"GET /media/images/unknown.png HTTP/1.1" 200 6375
"GET /assets/image/money-flow%20(1).png HTTP/1.1" 404 19302
"GET /media/images/487120051_627720486703809_4763095675077596185_n_2.jpg HTTP/1.1" 200 130689
"GET /media/images/487120051_627720486703809_4763095675077596185_n_2.jpg HTTP/1.1" 200 130689
"GET /registrarCliente/ HTTP/1.1" 200 114459
"GET /registrarCliente/ HTTP/1.1" 200 114459
"POST /registrarCliente/ HTTP/1.1" 200 21
"POST /registrarCliente/ HTTP/1.1" 200 21
"POST /registrarCliente/ HTTP/1.1" 200 23
"POST /registrarCliente/ HTTP/1.1" 200 23
"POST /registrarCliente/ HTTP/1.1" 302 0
"POST /registrarCliente/ HTTP/1.1" 302 0
"GET /sucesso HTTP/1.1" 200 25098
"GET /sucesso HTTP/1.1" 200 25098
"GET /login/ HTTP/1.1" 200 32436
"GET /login/ HTTP/1.1" 200 32436
"POST /login/ HTTP/1.1" 302 0
"POST /login/ HTTP/1.1" 302 0
"GET / HTTP/1.1" 200 50857
"GET / HTTP/1.1" 200 50857
Not Found: /assets/image/agreement (1).png
Not Found: /assets/image/agreement (1).png
"GET /assets/image/agreement%20(1).png HTTP/1.1" 404 19299
"GET /assets/image/agreement%20(1).png HTTP/1.1" 404 19299
Not Found: /assets/image/stethoscope.png
Not Found: /assets/image/stethoscope.png
Not Found: /assets/image/money-flow (1).png
"GET /assets/image/stethoscope.png HTTP/1.1" 404 19291
Not Found: /assets/image/money-flow (1).png
"GET /assets/image/stethoscope.png HTTP/1.1" 404 19291
"GET /media/images/unknown.png HTTP/1.1" 200 6375
"GET /assets/image/money-flow%20(1).png HTTP/1.1" 404 19302
"GET /media/images/unknown.png HTTP/1.1" 200 6375
"GET /assets/image/money-flow%20(1).png HTTP/1.1" 404 19302
"GET /media/images/242eb692-aab3-4406-8800-d757aa47f9d0.jpg HTTP/1.1" 200 100267
"GET /media/images/242eb692-aab3-4406-8800-d757aa47f9d0.jpg HTTP/1.1" 200 100267
Not Found: /assets/image/freedom (2).png
Not Found: /assets/image/freedom (2).png
"GET /assets/image/freedom%20(2).png HTTP/1.1" 404 19293
"GET /assets/image/freedom%20(2).png HTTP/1.1" 404 19293
"GET /media/images/487120051_627720486703809_4763095675077596185_n_2.jpg HTTP/1.1" 200 130689
"GET /media/images/487120051_627720486703809_4763095675077596185_n_2.jpg HTTP/1.1" 200 130689
"GET /sobre/ HTTP/1.1" 200 32203
"GET /sobre/ HTTP/1.1" 200 32203
"GET /vantagens/ HTTP/1.1" 200 32495
"GET /vantagens/ HTTP/1.1" 200 32495
"GET /contato/ HTTP/1.1" 200 51435
"GET /contato/ HTTP/1.1" 200 51435
- Broken pipe from ('127.0.0.1', 52507)
- Broken pipe from ('127.0.0.1', 52507)
"GET /sobre/ HTTP/1.1" 200 32203
"GET /sobre/ HTTP/1.1" 200 32203
"GET / HTTP/1.1" 200 50612
"GET / HTTP/1.1" 200 50612
Not Found: /assets/image/stethoscope.png
Not Found: /assets/image/freedom (2).png
Not Found: /assets/image/stethoscope.png
Not Found: /assets/image/freedom (2).png
"GET /assets/image/stethoscope.png HTTP/1.1" 404 19291
"GET /assets/image/freedom%20(2).png HTTP/1.1" 404 19293
"GET /assets/image/stethoscope.png HTTP/1.1" 404 19291
"GET /assets/image/freedom%20(2).png HTTP/1.1" 404 19293
Not Found: /assets/image/money-flow (1).png
Not Found: /assets/image/money-flow (1).png
Not Found: /assets/image/agreement (1).png
Not Found: /assets/image/agreement (1).png
"GET /assets/image/money-flow%20(1).png HTTP/1.1" 404 19302
"GET /assets/image/money-flow%20(1).png HTTP/1.1" 404 19302
"GET /assets/image/agreement%20(1).png HTTP/1.1" 404 19299
"GET /assets/image/agreement%20(1).png HTTP/1.1" 404 19299
"POST /sair/ HTTP/1.1" 302 0
"POST /sair/ HTTP/1.1" 302 0
"GET / HTTP/1.1" 200 52113
"GET / HTTP/1.1" 200 52113
Not Found: /assets/image/agreement (1).png
Not Found: /assets/image/stethoscope.png
Not Found: /assets/image/money-flow (1).png
Not Found: /assets/image/freedom (2).png
Not Found: /assets/image/agreement (1).png
Not Found: /assets/image/stethoscope.png
Not Found: /assets/image/money-flow (1).png
Not Found: /assets/image/freedom (2).png
"GET /assets/image/stethoscope.png HTTP/1.1" 404 19291
"GET /assets/image/agreement%20(1).png HTTP/1.1" 404 19299
"GET /assets/image/money-flow%20(1).png HTTP/1.1" 404 19302
"GET /assets/image/stethoscope.png HTTP/1.1" 404 19291
"GET /assets/image/freedom%20(2).png HTTP/1.1" 404 19293
"GET /assets/image/agreement%20(1).png HTTP/1.1" 404 19299
"GET /assets/image/money-flow%20(1).png HTTP/1.1" 404 19302
"GET /assets/image/freedom%20(2).png HTTP/1.1" 404 19293
